id,robot,username,cloud_learner__id
607702,ABii-1000000092a1b7ef,student4-7759,19350
607701,ABii-1000000092a1b7ef,student4-7759,19350
607700,ABii-1000000092a1b7ef,student4-7759,19350
607699,ABii-1000000092a1b7ef,student4-7759,19350
607698,ABii-1000000092a1b7ef,student4-7759,19350
607697,ABii-1000000092a1b7ef,student4-7759,19350
607696,ABii-1000000092a1b7ef,student4-7759,19350
607695,ABii-1000000092a1b7ef,student4-7759,19350
607694,ABii-1000000092a1b7ef,student4-7759,19350
607693,ABii-1000000092a1b7ef,student4-7759,19350
607692,ABii-1000000092a1b7ef,adityabahuguna,35487
606373,ABii-1000000092a1b7ef,klodianakamberi,35488
606372,ABii-1000000092a1b7ef,ericchen,35486
606371,ABii-1000000092a1b7ef,ericchen,35486
606370,ABii-1000000092a1b7ef,ericchen,35486
606369,ABii-1000000092a1b7ef,ericchen,35486
606368,ABii-1000000092a1b7ef,ericchen,35486
606367,ABii-1000000092a1b7ef,ericchen,35486
606366,ABii-1000000092a1b7ef,ericchen,35486
606365,ABii-1000000092a1b7ef,ericchen,35486
606364,ABii-1000000092a1b7ef,ericchen,35486
606363,ABii-1000000092a1b7ef,ericchen,35486
605972,ABii-1000000092a1b7ef,adityabahuguna,35487
605971,ABii-1000000092a1b7ef,adityabahuguna,35487
605970,ABii-1000000092a1b7ef,adityabahuguna,35487
605969,ABii-1000000092a1b7ef,adityabahuguna,35487
605968,ABii-1000000092a1b7ef,adityabahuguna,35487
605967,ABii-1000000092a1b7ef,adityabahuguna,35487
605966,ABii-1000000092a1b7ef,adityabahuguna,35487
605965,ABii-1000000092a1b7ef,adityabahuguna,35487
605964,ABii-1000000092a1b7ef,adityabahuguna,35487
605963,ABii-1000000092a1b7ef,adityabahuguna,35487
605962,ABii-1000000092a1b7ef,adityabahuguna,35487
605961,ABii-1000000092a1b7ef,adityabahuguna,35487
605960,ABii-1000000092a1b7ef,adityabahuguna,35487
605957,ABii-1000000092a1b7ef,klodianakamberi,35488
605956,ABii-1000000092a1b7ef,klodianakamberi,35488
605955,ABii-1000000092a1b7ef,klodianakamberi,35488
605954,ABii-1000000092a1b7ef,klodianakamberi,35488
605953,ABii-1000000092a1b7ef,andrewf,22181
605952,ABii-1000000092a1b7ef,andrewf,22181
605588,ABii-1000000092a1b7ef,andrewf,22181
605587,ABii-1000000092a1b7ef,andrewf,22181
605586,ABii-1000000092a1b7ef,andrewf,22181
605585,ABii-1000000092a1b7ef,andrewf,22181
605584,ABii-1000000092a1b7ef,andrewf,22181
605583,ABii-1000000092a1b7ef,andrewf,22181
605582,ABii-1000000092a1b7ef,andrewf,22181
603421,ABii-1000000092a1b7ef,student1-0256,18724
603420,ABii-1000000092a1b7ef,student1-0256,18724
603419,ABii-1000000092a1b7ef,student3-8960,18726
603418,ABii-1000000092a1b7ef,student3-8960,18726
603417,ABii-1000000092a1b7ef,student3-8960,18726
603416,ABii-1000000092a1b7ef,student3-8960,18726
603415,ABii-1000000092a1b7ef,student3-8960,18726
603414,ABii-1000000092a1b7ef,student1-0256,18724
530207,ABii-1000000092a1b7ef,bryanmbuya,32921
530206,ABii-1000000092a1b7ef,bryanmbuya,32921
530205,ABii-1000000092a1b7ef,bryanmbuya,32921
530204,ABii-1000000092a1b7ef,bryanmbuya,32921
530203,ABii-1000000092a1b7ef,bryanmbuya,32921
530202,ABii-1000000092a1b7ef,bryanmbuya,32921
530201,ABii-1000000092a1b7ef,bryanmbuya,32921
530200,ABii-1000000092a1b7ef,bryanmbuya,32921
530199,ABii-1000000092a1b7ef,bryanmbuya,32921
517617,ABii-1000000092a1b7ef,student1-0256,18724
517616,ABii-1000000092a1b7ef,student1-0256,18724
517615,ABii-1000000092a1b7ef,student1-0256,18724
512659,ABii-1000000092a1b7ef,student1-0256,18724
512658,ABii-1000000092a1b7ef,student1-0256,18724
512657,ABii-1000000092a1b7ef,student1-0256,18724
496109,ABii-1000000092a1b7ef,student1-0256,18724
377196,ABii-1000000092a1b7ef,rohanvaidya,22295
377195,ABii-1000000092a1b7ef,rohanvaidya,22295
377194,ABii-1000000092a1b7ef,rohanvaidya,22295
377193,ABii-1000000092a1b7ef,rohanvaidya,22295
377192,ABii-1000000092a1b7ef,rohanvaidya,22295
377191,ABii-1000000092a1b7ef,rohanvaidya,22295
377190,ABii-1000000092a1b7ef,rohanvaidya,22295
377189,ABii-1000000092a1b7ef,rohanvaidya,22295
377188,ABii-1000000092a1b7ef,rohanvaidya,22295
377187,ABii-1000000092a1b7ef,rohanvaidya,22295
377186,ABii-1000000092a1b7ef,rohanvaidya,22295
377185,ABii-1000000092a1b7ef,rohanvaidya,22295
377184,ABii-1000000092a1b7ef,rohanvaidya,22295
377183,ABii-1000000092a1b7ef,rohanvaidya,22295
375592,ABii-1000000092a1b7ef,rohanvaidya,22295
375591,ABii-1000000092a1b7ef,rohanvaidya,22295
375590,ABii-1000000092a1b7ef,rohanvaidya,22295
375589,ABii-1000000092a1b7ef,rohanvaidya,22295
375588,ABii-1000000092a1b7ef,rohanvaidya,22295
375587,ABii-1000000092a1b7ef,rohanvaidya,22295
375586,ABii-1000000092a1b7ef,rohanvaidya,22295
375585,ABii-1000000092a1b7ef,rohanvaidya,22295
375584,ABii-1000000092a1b7ef,rohanvaidya,22295
375583,ABii-1000000092a1b7ef,rohanvaidya,22295
375582,ABii-1000000092a1b7ef,rohanvaidya,22295
375581,ABii-1000000092a1b7ef,rohanvaidya,22295
375580,ABii-1000000092a1b7ef,rohanvaidya,22295
375579,ABii-1000000092a1b7ef,rohanvaidya,22295
375578,ABii-1000000092a1b7ef,rohanvaidya,22295
375577,ABii-1000000092a1b7ef,rohanvaidya,22295
375576,ABii-1000000092a1b7ef,rohanvaidya,22295
375575,ABii-1000000092a1b7ef,rohanvaidya,22295
375574,ABii-1000000092a1b7ef,rohanvaidya,22295
375573,ABii-1000000092a1b7ef,rohanvaidya,22295
375572,ABii-1000000092a1b7ef,rohanvaidya,22295
375571,ABii-1000000092a1b7ef,rohanvaidya,22295
375570,ABii-1000000092a1b7ef,rohanvaidya,22295
375569,ABii-1000000092a1b7ef,rohanvaidya,22295
375568,ABii-1000000092a1b7ef,rohanvaidya,22295
375567,ABii-1000000092a1b7ef,rohanvaidya,22295
375566,ABii-1000000092a1b7ef,rohanvaidya,22295
375565,ABii-1000000092a1b7ef,rohanvaidya,22295
375564,ABii-1000000092a1b7ef,rohanvaidya,22295
375563,ABii-1000000092a1b7ef,rohanvaidya,22295
375562,ABii-1000000092a1b7ef,rohanvaidya,22295
375561,ABii-1000000092a1b7ef,rohanvaidya,22295
375560,ABii-1000000092a1b7ef,rohanvaidya,22295
375559,ABii-1000000092a1b7ef,rohanvaidya,22295
375558,ABii-1000000092a1b7ef,rohanvaidya,22295
375557,ABii-1000000092a1b7ef,rohanvaidya,22295
375556,ABii-1000000092a1b7ef,rohanvaidya,22295
375555,ABii-1000000092a1b7ef,rohanvaidya,22295
375554,ABii-1000000092a1b7ef,rohanvaidya,22295
375553,ABii-1000000092a1b7ef,rohanvaidya,22295
375552,ABii-1000000092a1b7ef,rohanvaidya,22295
375551,ABii-1000000092a1b7ef,rohanvaidya,22295
375550,ABii-1000000092a1b7ef,rohanvaidya,22295
375549,ABii-1000000092a1b7ef,rohanvaidya,22295
375548,ABii-1000000092a1b7ef,rohanvaidya,22295
375547,ABii-1000000092a1b7ef,rohanvaidya,22295
375546,ABii-1000000092a1b7ef,rohanvaidya,22295
375545,ABii-1000000092a1b7ef,rohanvaidya,22295
375544,ABii-1000000092a1b7ef,rohanvaidya,22295
375543,ABii-1000000092a1b7ef,rohanvaidya,22295
375542,ABii-1000000092a1b7ef,rohanvaidya,22295
375541,ABii-1000000092a1b7ef,rohanvaidya,22295
375540,ABii-1000000092a1b7ef,rohanvaidya,22295
375539,ABii-1000000092a1b7ef,rohanvaidya,22295
375538,ABii-1000000092a1b7ef,rohanvaidya,22295
375537,ABii-1000000092a1b7ef,rohanvaidya,22295
375536,ABii-1000000092a1b7ef,rohanvaidya,22295
375535,ABii-1000000092a1b7ef,rohanvaidya,22295
375534,ABii-1000000092a1b7ef,rohanvaidya,22295
375533,ABii-1000000092a1b7ef,rohanvaidya,22295
375532,ABii-1000000092a1b7ef,rohanvaidya,22295
375531,ABii-1000000092a1b7ef,rohanvaidya,22295
375530,ABii-1000000092a1b7ef,rohanvaidya,22295
375428,ABii-1000000092a1b7ef,phuongvo,22302
375427,ABii-1000000092a1b7ef,phuongvo,22302
375426,ABii-1000000092a1b7ef,phuongvo,22302
375425,ABii-1000000092a1b7ef,phuongvo,22302
375424,ABii-1000000092a1b7ef,phuongvo,22302
375423,ABii-1000000092a1b7ef,phuongvo,22302
375422,ABii-1000000092a1b7ef,phuongvo,22302
375421,ABii-1000000092a1b7ef,phuongvo,22302
375420,ABii-1000000092a1b7ef,phuongvo,22302
375419,ABii-1000000092a1b7ef,phuongvo,22302
375418,ABii-1000000092a1b7ef,phuongvo,22302
375417,ABii-1000000092a1b7ef,phuongvo,22302
375416,ABii-1000000092a1b7ef,phuongvo,22302
375415,ABii-1000000092a1b7ef,phuongvo,22302
375414,ABii-1000000092a1b7ef,phuongvo,22302
375413,ABii-1000000092a1b7ef,phuongvo,22302
375412,ABii-1000000092a1b7ef,phuongvo,22302
375411,ABii-1000000092a1b7ef,phuongvo,22302
375410,ABii-1000000092a1b7ef,phuongvo,22302
375409,ABii-1000000092a1b7ef,phuongvo,22302
375408,ABii-1000000092a1b7ef,phuongvo,22302
375407,ABii-1000000092a1b7ef,phuongvo,22302
375406,ABii-1000000092a1b7ef,phuongvo,22302
375405,ABii-1000000092a1b7ef,phuongvo,22302
375404,ABii-1000000092a1b7ef,phuongvo,22302
375403,ABii-1000000092a1b7ef,phuongvo,22302
375402,ABii-1000000092a1b7ef,phuongvo,22302
375401,ABii-1000000092a1b7ef,phuongvo,22302
375400,ABii-1000000092a1b7ef,phuongvo,22302
375399,ABii-1000000092a1b7ef,phuongvo,22302
375398,ABii-1000000092a1b7ef,phuongvo,22302
375344,ABii-1000000092a1b7ef,student1-0256,18724
375343,ABii-1000000092a1b7ef,student1-0256,18724
375342,ABii-1000000092a1b7ef,student1-0256,18724
375341,ABii-1000000092a1b7ef,student1-0256,18724
375340,ABii-1000000092a1b7ef,student1-0256,18724
375339,ABii-1000000092a1b7ef,student1-0256,18724
375338,ABii-1000000092a1b7ef,student1-0256,18724
375337,ABii-1000000092a1b7ef,student1-0256,18724
375336,ABii-1000000092a1b7ef,student1-0256,18724
375335,ABii-1000000092a1b7ef,student1-0256,18724
375334,ABii-1000000092a1b7ef,student1-0256,18724
375333,ABii-1000000092a1b7ef,student1-0256,18724
375332,ABii-1000000092a1b7ef,student1-0256,18724
375331,ABii-1000000092a1b7ef,student1-0256,18724
375330,ABii-1000000092a1b7ef,student1-0256,18724
375329,ABii-1000000092a1b7ef,student1-0256,18724
375328,ABii-1000000092a1b7ef,student1-0256,18724
375327,ABii-1000000092a1b7ef,student1-0256,18724
375326,ABii-1000000092a1b7ef,student1-0256,18724
375325,ABii-1000000092a1b7ef,student1-0256,18724
375324,ABii-1000000092a1b7ef,student1-0256,18724
375323,ABii-1000000092a1b7ef,student1-0256,18724
375322,ABii-1000000092a1b7ef,student1-0256,18724
375321,ABii-1000000092a1b7ef,student1-0256,18724
375320,ABii-1000000092a1b7ef,student1-0256,18724
375319,ABii-1000000092a1b7ef,student1-0256,18724
375318,ABii-1000000092a1b7ef,student1-0256,18724
375317,ABii-1000000092a1b7ef,student1-0256,18724
375316,ABii-1000000092a1b7ef,student1-0256,18724
375315,ABii-1000000092a1b7ef,student1-0256,18724
375314,ABii-1000000092a1b7ef,student1-0256,18724
375313,ABii-1000000092a1b7ef,student1-0256,18724
375312,ABii-1000000092a1b7ef,student1-0256,18724
375311,ABii-1000000092a1b7ef,student1-0256,18724
375310,ABii-1000000092a1b7ef,student1-0256,18724
375309,ABii-1000000092a1b7ef,student1-0256,18724
375308,ABii-1000000092a1b7ef,student1-0256,18724
375307,ABii-1000000092a1b7ef,student1-0256,18724
375306,ABii-1000000092a1b7ef,student1-0256,18724
375305,ABii-1000000092a1b7ef,kaidichen,22300
375304,ABii-1000000092a1b7ef,kaidichen,22300
375303,ABii-1000000092a1b7ef,kaidichen,22300
375302,ABii-1000000092a1b7ef,kaidichen,22300
375301,ABii-1000000092a1b7ef,kaidichen,22300
375300,ABii-1000000092a1b7ef,kaidichen,22300
375299,ABii-1000000092a1b7ef,kaidichen,22300
375298,ABii-1000000092a1b7ef,kaidichen,22300
375297,ABii-1000000092a1b7ef,kaidichen,22300
375296,ABii-1000000092a1b7ef,kaidichen,22300
375295,ABii-1000000092a1b7ef,kaidichen,22300
375294,ABii-1000000092a1b7ef,kaidichen,22300
375293,ABii-1000000092a1b7ef,kaidichen,22300
375292,ABii-1000000092a1b7ef,kaidichen,22300
375291,ABii-1000000092a1b7ef,kaidichen,22300
375290,ABii-1000000092a1b7ef,kaidichen,22300
375289,ABii-1000000092a1b7ef,kaidichen,22300
375288,ABii-1000000092a1b7ef,kaidichen,22300
375287,ABii-1000000092a1b7ef,kaidichen,22300
375286,ABii-1000000092a1b7ef,kaidichen,22300
375285,ABii-1000000092a1b7ef,kaidichen,22300
375284,ABii-1000000092a1b7ef,kaidichen,22300
375283,ABii-1000000092a1b7ef,kaidichen,22300
375282,ABii-1000000092a1b7ef,kaidichen,22300
375281,ABii-1000000092a1b7ef,kaidichen,22300
375280,ABii-1000000092a1b7ef,kaidichen,22300
375279,ABii-1000000092a1b7ef,kaidichen,22300
375278,ABii-1000000092a1b7ef,kaidichen,22300
375277,ABii-1000000092a1b7ef,kaidichen,22300
375276,ABii-1000000092a1b7ef,kaidichen,22300
375274,ABii-1000000092a1b7ef,tianwu,22282
375273,ABii-1000000092a1b7ef,tianwu,22282
375272,ABii-1000000092a1b7ef,tianwu,22282
375271,ABii-1000000092a1b7ef,tianwu,22282
375270,ABii-1000000092a1b7ef,tianwu,22282
375269,ABii-1000000092a1b7ef,tianwu,22282
375268,ABii-1000000092a1b7ef,tianwu,22282
375267,ABii-1000000092a1b7ef,tianwu,22282
375266,ABii-1000000092a1b7ef,tianwu,22282
375265,ABii-1000000092a1b7ef,tianwu,22282
375264,ABii-1000000092a1b7ef,tianwu,22282
375231,ABii-1000000092a1b7ef,rohanvaidya,22295
375230,ABii-1000000092a1b7ef,rohanvaidya,22295
375229,ABii-1000000092a1b7ef,rohanvaidya,22295
375228,ABii-1000000092a1b7ef,rohanvaidya,22295
375227,ABii-1000000092a1b7ef,rohanvaidya,22295
375226,ABii-1000000092a1b7ef,rohanvaidya,22295
375225,ABii-1000000092a1b7ef,rohanvaidya,22295
375224,ABii-1000000092a1b7ef,rohanvaidya,22295
375223,ABii-1000000092a1b7ef,rohanvaidya,22295
375222,ABii-1000000092a1b7ef,rohanvaidya,22295
375221,ABii-1000000092a1b7ef,rohanvaidya,22295
375220,ABii-1000000092a1b7ef,rohanvaidya,22295
375219,ABii-1000000092a1b7ef,rohanvaidya,22295
375218,ABii-1000000092a1b7ef,rohanvaidya,22295
375217,ABii-1000000092a1b7ef,rohanvaidya,22295
375216,ABii-1000000092a1b7ef,rohanvaidya,22295
375215,ABii-1000000092a1b7ef,rohanvaidya,22295
375214,ABii-1000000092a1b7ef,rohanvaidya,22295
375213,ABii-1000000092a1b7ef,rohanvaidya,22295
375212,ABii-1000000092a1b7ef,rohanvaidya,22295
375211,ABii-1000000092a1b7ef,rohanvaidya,22295
375210,ABii-1000000092a1b7ef,rohanvaidya,22295
375209,ABii-1000000092a1b7ef,rohanvaidya,22295
375208,ABii-1000000092a1b7ef,rohanvaidya,22295
375207,ABii-1000000092a1b7ef,rohanvaidya,22295
375206,ABii-1000000092a1b7ef,rohanvaidya,22295
375205,ABii-1000000092a1b7ef,rohanvaidya,22295
375204,ABii-1000000092a1b7ef,rohanvaidya,22295
375203,ABii-1000000092a1b7ef,rohanvaidya,22295
375202,ABii-1000000092a1b7ef,rohanvaidya,22295
375201,ABii-1000000092a1b7ef,rohanvaidya,22295
375200,ABii-1000000092a1b7ef,rohanvaidya,22295
375199,ABii-1000000092a1b7ef,rohanvaidya,22295
375198,ABii-1000000092a1b7ef,rohanvaidya,22295
375197,ABii-1000000092a1b7ef,rohanvaidya,22295
375196,ABii-1000000092a1b7ef,rohanvaidya,22295
375195,ABii-1000000092a1b7ef,rohanvaidya,22295
375194,ABii-1000000092a1b7ef,rohanvaidya,22295
375193,ABii-1000000092a1b7ef,rohanvaidya,22295
375192,ABii-1000000092a1b7ef,rohanvaidya,22295
375191,ABii-1000000092a1b7ef,rohanvaidya,22295
375190,ABii-1000000092a1b7ef,rohanvaidya,22295
375189,ABii-1000000092a1b7ef,rohanvaidya,22295
375188,ABii-1000000092a1b7ef,rohanvaidya,22295
375187,ABii-1000000092a1b7ef,rohanvaidya,22295
375186,ABii-1000000092a1b7ef,rohanvaidya,22295
375185,ABii-1000000092a1b7ef,rohanvaidya,22295
375184,ABii-1000000092a1b7ef,rohanvaidya,22295
375183,ABii-1000000092a1b7ef,rohanvaidya,22295
374960,ABii-1000000092a1b7ef,chirayusinghania,22283
374959,ABii-1000000092a1b7ef,chirayusinghania,22283
374958,ABii-1000000092a1b7ef,chirayusinghania,22283
374957,ABii-1000000092a1b7ef,chirayusinghania,22283
374956,ABii-1000000092a1b7ef,chirayusinghania,22283
374955,ABii-1000000092a1b7ef,chirayusinghania,22283
374954,ABii-1000000092a1b7ef,chirayusinghania,22283
374953,ABii-1000000092a1b7ef,chirayusinghania,22283
374952,ABii-1000000092a1b7ef,chirayusinghania,22283
374951,ABii-1000000092a1b7ef,chirayusinghania,22283
374950,ABii-1000000092a1b7ef,chirayusinghania,22283
374949,ABii-1000000092a1b7ef,chirayusinghania,22283
374948,ABii-1000000092a1b7ef,chirayusinghania,22283
374947,ABii-1000000092a1b7ef,chirayusinghania,22283
374946,ABii-1000000092a1b7ef,chirayusinghania,22283
374871,ABii-1000000092a1b7ef,tianwu,22282
374870,ABii-1000000092a1b7ef,tianwu,22282
374869,ABii-1000000092a1b7ef,tianwu,22282
374868,ABii-1000000092a1b7ef,tianwu,22282
374867,ABii-1000000092a1b7ef,tianwu,22282
374866,ABii-1000000092a1b7ef,tianwu,22282
374865,ABii-1000000092a1b7ef,tianwu,22282
374864,ABii-1000000092a1b7ef,tianwu,22282
374863,ABii-1000000092a1b7ef,tianwu,22282
374862,ABii-1000000092a1b7ef,tianwu,22282
374861,ABii-1000000092a1b7ef,tianwu,22282
374860,ABii-1000000092a1b7ef,tianwu,22282
374859,ABii-1000000092a1b7ef,tianwu,22282
374858,ABii-1000000092a1b7ef,tianwu,22282
374857,ABii-1000000092a1b7ef,tianwu,22282
374856,ABii-1000000092a1b7ef,tianwu,22282
374855,ABii-1000000092a1b7ef,tianwu,22282
374854,ABii-1000000092a1b7ef,tianwu,22282
374853,ABii-1000000092a1b7ef,tianwu,22282
374852,ABii-1000000092a1b7ef,tianwu,22282
374851,ABii-1000000092a1b7ef,tianwu,22282
374850,ABii-1000000092a1b7ef,tianwu,22282
374849,ABii-1000000092a1b7ef,tianwu,22282
374848,ABii-1000000092a1b7ef,tianwu,22282
374847,ABii-1000000092a1b7ef,tianwu,22282
374846,ABii-1000000092a1b7ef,tianwu,22282
374845,ABii-1000000092a1b7ef,tianwu,22282
374844,ABii-1000000092a1b7ef,tianwu,22282
374843,ABii-1000000092a1b7ef,tianwu,22282
374842,ABii-1000000092a1b7ef,tianwu,22282
374841,ABii-1000000092a1b7ef,tianwu,22282
374840,ABii-1000000092a1b7ef,tianwu,22282
374839,ABii-1000000092a1b7ef,tianwu,22282
374838,ABii-1000000092a1b7ef,tianwu,22282
374837,ABii-1000000092a1b7ef,tianwu,22282
374836,ABii-1000000092a1b7ef,tianwu,22282
374835,ABii-1000000092a1b7ef,tianwu,22282
374834,ABii-1000000092a1b7ef,tianwu,22282
374833,ABii-1000000092a1b7ef,tianwu,22282
374832,ABii-1000000092a1b7ef,tianwu,22282
374831,ABii-1000000092a1b7ef,tianwu,22282
374830,ABii-1000000092a1b7ef,tianwu,22282
374829,ABii-1000000092a1b7ef,tianwu,22282
374828,ABii-1000000092a1b7ef,tianwu,22282
374827,ABii-1000000092a1b7ef,tianwu,22282
374826,ABii-1000000092a1b7ef,tianwu,22282
374150,ABii-1000000092a1b7ef,andrewf,22181
374149,ABii-1000000092a1b7ef,andrewf,22181
374148,ABii-1000000092a1b7ef,andrewf,22181
374113,ABii-1000000092a1b7ef,student1-0256,18724
374112,ABii-1000000092a1b7ef,student1-0256,18724
374050,ABii-1000000092a1b7ef,student1-0256,18724
374049,ABii-1000000092a1b7ef,student1-0256,18724
374048,ABii-1000000092a1b7ef,student1-0256,18724
374047,ABii-1000000092a1b7ef,student1-0256,18724
374046,ABii-1000000092a1b7ef,student1-0256,18724
374045,ABii-1000000092a1b7ef,student1-0256,18724
374044,ABii-1000000092a1b7ef,student1-0256,18724
374043,ABii-1000000092a1b7ef,student1-0256,18724
374042,ABii-1000000092a1b7ef,student1-0256,18724
374041,ABii-1000000092a1b7ef,student1-0256,18724
374040,ABii-1000000092a1b7ef,student1-0256,18724
374039,ABii-1000000092a1b7ef,student1-0256,18724
374038,ABii-1000000092a1b7ef,student1-0256,18724
374037,ABii-1000000092a1b7ef,student1-0256,18724
374036,ABii-1000000092a1b7ef,student1-0256,18724
374035,ABii-1000000092a1b7ef,student1-0256,18724
364876,ABii-1000000092a1b7ef,student1-0256,18724
339974,ABii-1000000092a1b7ef,student1-0256,18724
339973,ABii-1000000092a1b7ef,student1-0256,18724
265622,ABii-1000000092a1b7ef,aaaaaa,18531
198138,ABii-1000000092a1b7ef,testtest-1649,12181
