id,user_profile_id,correct,question_id,lesson_name,lesson_id,is_external,duration_ms,is_preassessment,timestamp,lesson_type,cloud_learner_id
1239398,374149,True,2,Python_Week2_Basics_Q1b,635,True,98,True,2024-05-29 15:53:25.040618+00:00,TUT,22181
1239096,374046,False,2,Python_Week2_Basics_Q7,644,True,19209,False,2024-05-27 15:40:41.553437+00:00,TUT,18724
1242209,375342,True,2,Python_Week3_Bool&String_Q3,673,True,111,True,2024-07-03 20:43:34.622684+00:00,TUT,18724
1880699,605955,False,2,Lesson Set 1 - Q02,1263,True,7378,False,2025-06-04 16:04:12.204069+00:00,TUT,35488
1880700,605955,False,3,Lesson Set 1 - Q02,1263,True,9399,False,2025-06-04 16:04:32.509085+00:00,TUT,35488
1880701,605955,False,4,Lesson Set 1 - Q02,1263,True,9849,False,2025-06-04 16:04:59.597485+00:00,TUT,35488
1243608,377195,False,2,Python_Week2_Basics_Q8,645,True,19836,False,2024-07-31 19:05:40.560364+00:00,TUT,22295
1241927,375209,True,1,Let's Add!,1003,False,80435,False,2024-06-26 19:56:30.697796+00:00,ASM,22295
1241928,375209,True,2,Let's Add!,1003,False,5114,False,2024-06-26 19:56:45.010242+00:00,ASM,22295
1241929,375209,True,3,Let's Add!,1003,False,5698,False,2024-06-26 19:56:53.182276+00:00,ASM,22295
1241930,375209,True,4,Let's Add!,1003,False,4857,False,2024-06-26 19:57:00.193968+00:00,ASM,22295
1239091,374041,True,2,Python_Week2_Basics_Q4a,639,True,102,True,2024-05-27 15:31:29.688487+00:00,TUT,18724
1242148,375299,False,2,Python_Week9_Collection1_Q11,495,True,54201,False,2024-07-03 18:38:49.016745+00:00,TUT,22300
1242149,375299,True,3,Python_Week9_Collection1_Q11,495,True,45045,False,2024-07-03 18:40:02.109248+00:00,TUT,22300
1242683,375568,True,1,Help With Words,939,False,20506,False,2024-07-17 18:28:18.453853+00:00,ASM,22295
1242684,375568,True,2,Help With Words,939,False,8232,False,2024-07-17 18:28:28.879503+00:00,ASM,22295
1242685,375568,True,3,Help With Words,939,False,15681,False,2024-07-17 18:28:46.763983+00:00,ASM,22295
1242686,375568,True,4,Help With Words,939,False,11559,False,2024-07-17 18:29:00.468018+00:00,ASM,22295
1242672,375563,True,2,Jolt Learns About Cats,953,False,97,True,2024-07-17 18:16:00.948294+00:00,TUT,22295
1242603,375536,True,2,Letter Scavenger Hunt,948,False,100,True,2024-07-17 17:24:30.921993+00:00,TUT,22295
1242184,375323,True,2,Python_Week5_Function2_Q8,574,True,123,True,2024-07-03 20:14:45.549473+00:00,TUT,18724
1242181,375320,True,2,Python_Week5_Function2_Q5,571,True,128,True,2024-07-03 20:10:56.196078+00:00,TUT,18724
1243598,377188,True,2,Python_Week2_Basics_Q4a,639,True,126,True,2024-07-31 18:55:03.101941+00:00,TUT,22295
1242169,375314,False,2,Python_Week9_Collection1_Q10,494,True,21747,False,2024-07-03 19:57:21.112716+00:00,TUT,18724
1242170,375314,True,3,Python_Week9_Collection1_Q10,494,True,15948,False,2024-07-03 19:57:47.657074+00:00,TUT,18724
1670056,530203,False,2,Python_Week7_ControlFlow_Q2a,584,True,173121,False,2025-02-27 15:49:49.839257+00:00,TUT,32921
1670057,530203,True,4,Python_Week7_ControlFlow_Q2a,584,True,111199,False,2025-02-27 15:52:29.003844+00:00,TUT,32921
1670058,530203,True,5,Python_Week7_ControlFlow_Q2a,584,True,289875,False,2025-02-27 15:57:30.045512+00:00,TUT,32921
1241303,374950,False,2,Python_Week2_Basics_Q3,638,True,55219,False,2024-06-13 19:29:29.474269+00:00,TUT,22283
1241304,374950,True,3,Python_Week2_Basics_Q3,638,True,39383,False,2024-06-13 19:30:28.455394+00:00,TUT,22283
1241305,374950,True,4,Python_Week2_Basics_Q3,638,True,22559,False,2024-06-13 19:31:25.098194+00:00,TUT,22283
1241306,374950,True,5,Python_Week2_Basics_Q3,638,True,37727,False,2024-06-13 19:32:14.841677+00:00,TUT,22283
1241307,374950,True,6,Python_Week2_Basics_Q3,638,True,28985,False,2024-06-13 19:32:59.084368+00:00,TUT,22283
1243599,377189,False,2,Python_Week2_Basics_Q4b,640,True,19461,False,2024-07-31 18:56:24.072066+00:00,TUT,22295
1243600,377189,True,3,Python_Week2_Basics_Q4b,640,True,13012,False,2024-07-31 18:56:54.097474+00:00,TUT,22295
1243601,377189,True,4,Python_Week2_Basics_Q4b,640,True,11396,False,2024-07-31 18:57:33.025549+00:00,TUT,22295
1243602,377189,True,5,Python_Week2_Basics_Q4b,640,True,18566,False,2024-07-31 18:58:07.696404+00:00,TUT,22295
1634018,517615,True,2,Python_Week9_Collection1_Q1,481,True,105,True,2025-02-10 16:28:50.299772+00:00,TUT,18724
1242207,375341,False,2,Python_Week3_Bool&String_Q2,672,True,9212,False,2024-07-03 20:40:41.129886+00:00,TUT,18724
1242208,375341,False,3,Python_Week3_Bool&String_Q2,672,True,32124,False,2024-07-03 20:41:33.047691+00:00,TUT,18724
1241106,374848,True,2,Python_Week2_Basics_Q4b,640,True,144,True,2024-06-12 15:56:36.982826+00:00,TUT,22282
1242118,375279,True,2,Python_Week8_ControlFlow_Q2a,584,True,101,True,2024-07-03 17:52:06.199062+00:00,TUT,22300
1242129,375286,False,2,Python_Week8_ControlFlow_Q4c,590,True,19283,False,2024-07-03 18:10:55.173726+00:00,TUT,22300
1242130,375286,False,3,Python_Week8_ControlFlow_Q4c,590,True,64635,False,2024-07-03 18:12:26.834279+00:00,TUT,22300
1880705,605957,False,2,Lesson Set 1 - Q14,1276,True,8112,False,2025-06-04 16:10:49.080008+00:00,TUT,35488
1880706,605957,False,3,Lesson Set 1 - Q14,1276,True,13472,False,2025-06-04 16:11:14.055711+00:00,TUT,35488
1880707,605957,False,4,Lesson Set 1 - Q14,1276,True,18300,False,2025-06-04 16:11:49.284711+00:00,TUT,35488
1242374,375419,True,2,Python_Week5_Function2_Q1,567,True,106,True,2024-07-04 15:40:55.468199+00:00,TUT,22302
1239089,374039,True,2,Python_Week2_Basics_Q2b,637,True,98,True,2024-05-27 15:28:42.045731+00:00,TUT,18724
1620604,512658,True,2,Python_Week2_Basics_Q1b,635,True,124,True,2025-01-23 15:35:30.285295+00:00,TUT,18724
1242191,375330,False,2,Python_Week4_Function1_Q2,560,True,20421,False,2024-07-03 20:21:14.053722+00:00,TUT,18724
1242192,375330,False,3,Python_Week4_Function1_Q2,560,True,14389,False,2024-07-03 20:22:00.387969+00:00,TUT,18724
1242738,375590,True,2,Mario Loves To Eat,927,False,120,True,2024-07-17 19:21:07.052731+00:00,TUT,22295
1880922,607696,True,2,Lesson Set 2 - Q04,1281,True,122,True,2025-06-06 18:28:35.014715+00:00,TUT,19350
1880716,605961,True,2,Lesson Set 1 - Q02,1263,True,153,True,2025-06-04 18:05:30.289987+00:00,TUT,35487
1242373,375418,True,2,Python_Week2_Basics_Q5a,642,True,94,True,2024-07-04 15:39:04.873585+00:00,TUT,22302
1242174,375317,False,2,Python_Week5_Function2_Q2,568,True,18487,False,2024-07-03 20:03:08.509226+00:00,TUT,18724
1242175,375317,True,3,Python_Week5_Function2_Q2,568,True,21144,False,2024-07-03 20:03:52.243519+00:00,TUT,18724
1242176,375317,True,4,Python_Week5_Function2_Q2,568,True,12104,False,2024-07-03 20:04:15.620501+00:00,TUT,18724
1242177,375317,True,5,Python_Week5_Function2_Q2,568,True,20055,False,2024-07-03 20:04:55.203302+00:00,TUT,18724
1242658,375558,True,1,Find The Word Families,724,False,23208,False,2024-07-17 18:03:16.275197+00:00,ASM,22295
1242659,375558,True,2,Find The Word Families,724,False,7753,False,2024-07-17 18:03:26.020113+00:00,ASM,22295
1242660,375558,True,3,Find The Word Families,724,False,6568,False,2024-07-17 18:03:35.411606+00:00,ASM,22295
1242661,375558,True,4,Find The Word Families,724,False,8704,False,2024-07-17 18:03:47.740249+00:00,ASM,22295
1880585,605582,True,2,Lesson Set 1 - Q1,1123,True,79,True,2025-05-23 19:59:33.929862+00:00,TUT,22181
1241136,374867,True,2,Python_Week3_Bool&String_Q8,678,True,108,True,2024-06-12 16:29:08.799344+00:00,TUT,22282
1241309,374952,True,2,Python_Week2_Basics_Q4b,640,True,105,True,2024-06-13 19:36:52.818561+00:00,TUT,22283
1241923,375205,True,2,Watch Out For The Birds!,955,False,139,True,2024-06-26 19:50:39.989978+00:00,TUT,22295
1241915,375197,True,2,Sandwich Shapes,987,False,117,True,2024-06-26 19:32:44.955698+00:00,TUT,22295
1242113,375273,True,2,Python_Week5_Function2_Q6,572,True,81,True,2024-06-27 20:18:11.198863+00:00,TUT,22282
1241301,374948,True,2,Python_Week2_Basics_Q2a,636,True,224,True,2024-06-13 19:27:03.697964+00:00,TUT,22283
1880727,605970,True,2,Lesson Set 1 - Q11,1272,True,115,True,2025-06-04 18:16:38.555903+00:00,TUT,35487
1241991,375225,True,1,Picture Comparison,890,False,21515,False,2024-06-26 20:26:09.138577+00:00,ASM,22295
1241992,375225,True,2,Picture Comparison,890,False,8675,False,2024-06-26 20:26:19.067206+00:00,ASM,22295
1241993,375225,True,3,Picture Comparison,890,False,12484,False,2024-06-26 20:26:34.099884+00:00,ASM,22295
1241994,375225,True,4,Picture Comparison,890,False,9044,False,2024-06-26 20:26:45.092379+00:00,ASM,22295
1242204,375339,False,2,Python_Week8_ControlFlow_Q2b,585,True,9499,False,2024-07-03 20:36:40.930668+00:00,TUT,18724
1242205,375339,False,4,Python_Week8_ControlFlow_Q2b,585,True,12424,False,2024-07-03 20:37:14.635889+00:00,TUT,18724
1241075,374830,True,2,Python_Week4_Function1_Q1e,559,True,95,True,2024-06-12 15:22:03.808675+00:00,TUT,22282
1241995,375226,True,1,Party Items,877,False,7658,False,2024-06-26 20:27:05.337915+00:00,ASM,22295
1241996,375226,True,2,Party Items,877,False,12606,False,2024-06-26 20:27:19.865514+00:00,ASM,22295
1241997,375226,True,3,Party Items,877,False,8579,False,2024-06-26 20:27:30.382361+00:00,ASM,22295
1241998,375226,True,4,Party Items,877,False,12990,False,2024-06-26 20:27:45.333385+00:00,ASM,22295
1239314,374112,True,2,Python_Week2_Basics_Q2b,637,True,92,True,2024-05-28 19:48:51.899906+00:00,TUT,18724
1879191,603415,True,2,Python_Week8_Collection1_Q1,481,True,87,True,2025-02-27 17:39:13.305676+00:00,TUT,18726
1242614,375541,True,1,Counting Syllables,840,False,11830,False,2024-07-17 17:33:46.040798+00:00,ASM,22295
1242615,375541,False,2,Counting Syllables,840,False,5313,False,2024-07-17 17:33:53.218001+00:00,ASM,22295
1242616,375541,True,3,Counting Syllables,840,False,5221,False,2024-07-17 17:34:00.266722+00:00,ASM,22295
1242617,375541,True,4,Counting Syllables,840,False,7348,False,2024-07-17 17:34:09.565105+00:00,ASM,22295
1880586,605583,True,2,Lesson Set 1 - Q2,1124,True,94,True,2025-05-23 20:00:47.980336+00:00,TUT,22181
1880728,605971,True,2,Lesson Set 1 - Q12,1273,True,119,True,2025-06-04 18:17:18.026997+00:00,TUT,35487
1242713,375580,True,2,Is The Dentist Nice?,966,False,126,True,2024-07-17 18:53:15.464402+00:00,TUT,22295
1242186,375325,True,2,Python_Week4_Function1_Q1b,556,True,90,True,2024-07-03 20:16:47.752775+00:00,TUT,18724
1239315,374113,False,2,Python_Week2_Basics_Q1a,634,True,29224,False,2024-05-28 19:50:04.906129+00:00,TUT,18724
1239316,374113,True,3,Python_Week2_Basics_Q1a,634,True,35900,False,2024-05-28 19:51:00.150697+00:00,TUT,18724
1239317,374113,False,4,Python_Week2_Basics_Q1a,634,True,17820,False,2024-05-28 19:51:30.416921+00:00,TUT,18724
1239318,374113,True,5,Python_Week2_Basics_Q1a,634,True,15833,False,2024-05-28 19:52:24.935301+00:00,TUT,18724
1241910,375192,True,2,Vee Has New Pets,889,False,100,True,2024-06-26 19:19:26.223045+00:00,TUT,22295
733635,198138,True,2,Picnic Battle,324,False,99,True,2023-07-24 18:15:33.883272+00:00,TUT,12181
1242143,375295,True,2,Python_Week9_Collection1_Q7,491,True,98,True,2024-07-03 18:31:57.569227+00:00,TUT,22300
1242153,375303,True,2,Python_Week2_Basics_Q1b,635,True,103,True,2024-07-03 19:34:31.688119+00:00,TUT,22300
1879196,603418,True,2,Python_Week3_Bool&String_Q1,669,True,136,True,2025-02-27 17:45:41.866617+00:00,TUT,18726
1242377,375422,True,2,Python_Week2_Basics_Q6,643,True,102,True,2024-07-04 15:44:08.043492+00:00,TUT,22302
1242193,375331,True,2,Python_Week4_Function1_Q3,561,True,112,True,2024-07-03 20:23:50.870921+00:00,TUT,18724
1879190,603414,True,2,Python_Week4_Function1_Q2,560,True,107,True,2025-02-27 17:08:10.288774+00:00,TUT,18724
1241900,375185,True,2,What Comes Next?,901,False,109,True,2024-06-26 19:04:18.460226+00:00,TUT,22295
1242150,375300,True,2,Python_Week9_Collection1_Q12,496,True,134,True,2024-07-03 18:44:23.625944+00:00,TUT,22300
1242734,375589,True,1,Friends Text,936,False,30608,False,2024-07-17 19:17:22.413115+00:00,ASM,22295
1242735,375589,False,2,Friends Text,936,False,10933,False,2024-07-17 19:17:35.252055+00:00,ASM,22295
1242736,375589,True,3,Friends Text,936,False,21792,False,2024-07-17 19:17:59.100758+00:00,ASM,22295
1242737,375589,True,4,Friends Text,936,False,14982,False,2024-07-17 19:18:16.516951+00:00,ASM,22295
1880587,605584,False,2,Lesson Set 1 - Q1,1123,True,5316,False,2025-05-23 20:01:52.856672+00:00,TUT,22181
1880588,605584,True,3,Lesson Set 1 - Q1,1123,True,15859,False,2025-05-23 20:02:14.971054+00:00,TUT,22181
1242122,375282,False,2,Python_Week8_ControlFlow_Q3b,587,True,91627,False,2024-07-03 17:59:40.942086+00:00,TUT,22300
1241089,374841,False,2,Python_Week2_Basics_Q1a,634,True,33987,False,2024-06-12 15:42:01.030183+00:00,TUT,22282
1241090,374841,True,3,Python_Week2_Basics_Q1a,634,True,17481,False,2024-06-12 15:42:39.722045+00:00,TUT,22282
1241091,374841,True,4,Python_Week2_Basics_Q1a,634,True,15825,False,2024-06-12 15:43:07.253775+00:00,TUT,22282
1241092,374841,True,5,Python_Week2_Basics_Q1a,634,True,18563,False,2024-06-12 15:43:49.335951+00:00,TUT,22282
1880919,607693,True,2,Lesson Set 2 - Q01,1278,True,103,True,2025-06-06 18:24:36.223296+00:00,TUT,19350
1880718,605963,True,2,Lesson Set 1 - Q04,1265,True,159,True,2025-06-04 18:06:48.365207+00:00,TUT,35487
1242154,375304,True,2,Python_Week2_Basics_Q2a,636,True,103,True,2024-07-03 19:35:31.901947+00:00,TUT,22300
1242682,375567,True,2,Jolt Breaks Loose,937,False,153,True,2024-07-17 18:27:23.965529+00:00,TUT,22295
1242369,375414,True,2,Python_Week3_Bool&String_Q1,669,True,93,True,2024-07-04 15:32:33.274539+00:00,TUT,22302
1239097,374047,True,2,Python_Week2_Basics_Q1a,634,True,131,True,2024-05-27 15:43:08.275589+00:00,TUT,18724
1880918,607692,True,2,Lesson Set 1 - Q14,1276,True,82,True,2025-06-06 17:24:56.725499+00:00,TUT,35487
1241087,374839,True,2,Python_Week4_Function1_Q4d,565,True,172,True,2024-06-12 15:40:02.033154+00:00,TUT,22282
1242188,375327,True,2,Python_Week4_Function1_Q1d,558,True,94,True,2024-07-03 20:18:31.897424+00:00,TUT,18724
1241079,374834,True,2,Python_Week4_Function1_Q4a,562,True,96,True,2024-06-12 15:29:59.358361+00:00,TUT,22282
1242180,375319,False,2,Python_Week5_Function2_Q4,570,True,13606,False,2024-07-03 20:08:27.026893+00:00,TUT,18724
1670050,530200,False,2,Python_Week4_Function1_Q1b,556,True,76057,False,2025-02-27 15:35:28.039507+00:00,TUT,32921
1241073,374828,True,2,Python_Week4_Function1_Q1c,557,True,99,True,2024-06-12 15:20:09.102059+00:00,TUT,22282
1243605,377192,True,2,Python_Week2_Basics_Q6,643,True,132,True,2024-07-31 19:01:57.350612+00:00,TUT,22295
1242673,375564,True,1,Jolt Hears A Story,954,False,26861,False,2024-07-17 18:16:47.048167+00:00,ASM,22295
1242674,375564,True,2,Jolt Hears A Story,954,False,21097,False,2024-07-17 18:17:10.714385+00:00,ASM,22295
1242675,375564,True,3,Jolt Hears A Story,954,False,19957,False,2024-07-17 18:17:33.209985+00:00,ASM,22295
1242676,375564,True,4,Jolt Hears A Story,954,False,18868,False,2024-07-17 18:17:54.368218+00:00,ASM,22295
1241102,374847,False,2,Python_Week2_Basics_Q4b,640,True,15999,False,2024-06-12 15:53:13.515144+00:00,TUT,22282
1241103,374847,True,3,Python_Week2_Basics_Q4b,640,True,18533,False,2024-06-12 15:53:41.306311+00:00,TUT,22282
1241104,374847,True,4,Python_Week2_Basics_Q4b,640,True,12309,False,2024-06-12 15:54:04.074913+00:00,TUT,22282
1241105,374847,False,5,Python_Week2_Basics_Q4b,640,True,36826,False,2024-06-12 15:54:46.705519+00:00,TUT,22282
1880927,607701,True,2,Lesson Set 2 - Q09,1286,True,93,True,2025-06-06 18:33:23.000551+00:00,TUT,19350
1242141,375294,False,2,Python_Week9_Collection1_Q7,491,True,45024,False,2024-07-03 18:29:14.925631+00:00,TUT,22300
1242142,375294,False,3,Python_Week9_Collection1_Q7,491,True,28782,False,2024-07-03 18:29:52.079868+00:00,TUT,22300
1241920,375202,True,2,More Circles Or Squares?,973,False,104,True,2024-06-26 19:45:11.124958+00:00,TUT,22295
1242178,375318,False,2,Python_Week5_Function2_Q3,569,True,13159,False,2024-07-03 20:06:37.703433+00:00,TUT,18724
1242179,375318,False,3,Python_Week5_Function2_Q3,569,True,20093,False,2024-07-03 20:07:06.156867+00:00,TUT,18724
1242164,375311,False,2,Python_Week9_Collection1_Q7,491,True,34593,False,2024-07-03 19:51:42.548169+00:00,TUT,18724
1242165,375311,False,3,Python_Week9_Collection1_Q7,491,True,29382,False,2024-07-03 19:52:19.716341+00:00,TUT,18724
1242697,375573,True,2,Picture Clues,942,False,115,True,2024-07-17 18:39:40.509752+00:00,TUT,22295
1242359,375408,True,2,Python_Week8_ControlFlow_Q2a,584,True,126,True,2024-07-04 15:20:07.749383+00:00,TUT,22302
1242380,375425,False,2,Python_Week5_Function2_Q3,569,True,21870,False,2024-07-04 15:48:14.620002+00:00,TUT,22302
1242381,375425,True,3,Python_Week5_Function2_Q3,569,True,25682,False,2024-07-04 15:48:49.454216+00:00,TUT,22302
1239099,374049,False,2,Python_Week2_Basics_Q7,644,True,9390,False,2024-05-27 15:50:57.768533+00:00,TUT,18724
1242608,375538,True,2,The Animal Song,946,False,115,True,2024-07-17 17:29:45.420248+00:00,TUT,22295
1242140,375293,True,2,Python_Week9_Collection1_Q6,490,True,136,True,2024-07-03 18:27:49.076499+00:00,TUT,22300
1239083,374036,False,2,Python_Week2_Basics_Q1a,634,True,57555,False,2024-05-27 15:22:30.108685+00:00,TUT,18724
1239084,374036,True,3,Python_Week2_Basics_Q1a,634,True,31536,False,2024-05-27 15:23:27.475428+00:00,TUT,18724
1239085,374036,True,4,Python_Week2_Basics_Q1a,634,True,21673,False,2024-05-27 15:23:59.345695+00:00,TUT,18724
1239086,374036,True,5,Python_Week2_Basics_Q1a,634,True,14357,False,2024-05-27 15:24:24.322718+00:00,TUT,18724
1880702,605956,False,2,Lesson Set 1 - Q09,1270,True,6362,False,2025-06-04 16:07:10.266634+00:00,TUT,35488
1880703,605956,False,3,Lesson Set 1 - Q09,1270,True,12117,False,2025-06-04 16:07:37.140482+00:00,TUT,35488
1880704,605956,False,4,Lesson Set 1 - Q09,1270,True,16773,False,2025-06-04 16:08:47.578786+00:00,TUT,35488
1242139,375292,True,2,Python_Week9_Collection1_Q5,489,True,137,True,2024-07-03 18:27:13.065369+00:00,TUT,22300
1239399,374150,False,2,Python_Week2_Basics_Q1a,634,True,23103,False,2024-05-29 15:54:34.857968+00:00,TUT,22181
1239400,374150,True,3,Python_Week2_Basics_Q1a,634,True,14825,False,2024-05-29 15:55:05.040327+00:00,TUT,22181
1239401,374150,False,4,Python_Week2_Basics_Q1a,634,True,22157,False,2024-05-29 15:55:54.182081+00:00,TUT,22181
1239402,374150,True,5,Python_Week2_Basics_Q1a,634,True,14340,False,2024-05-29 15:56:25.522436+00:00,TUT,22181
1880719,605964,False,2,Lesson Set 1 - Q05,1266,True,8254,False,2025-06-04 18:07:21.247449+00:00,TUT,35487
1880720,605964,True,3,Lesson Set 1 - Q05,1266,True,27754,False,2025-06-04 18:08:17.847861+00:00,TUT,35487
1880721,605964,True,4,Lesson Set 1 - Q05,1266,True,22909,False,2025-06-04 18:08:46.211813+00:00,TUT,35487
1241975,375221,True,1,2D Game,986,False,21162,False,2024-06-26 20:20:08.073966+00:00,ASM,22295
1241976,375221,True,2,2D Game,986,False,14045,False,2024-06-26 20:20:24.712827+00:00,ASM,22295
1241977,375221,True,3,2D Game,986,False,5329,False,2024-06-26 20:20:31.878539+00:00,ASM,22295
1241978,375221,False,4,2D Game,986,False,10729,False,2024-06-26 20:20:44.526561+00:00,ASM,22295
1242376,375421,True,2,Python_Week2_Basics_Q4b,640,True,121,True,2024-07-04 15:43:01.311872+00:00,TUT,22302
1242743,375592,True,1,The Big Zoo Trip,940,False,54340,False,2024-07-17 19:25:08.081102+00:00,ASM,22295
1242744,375592,True,2,The Big Zoo Trip,940,False,26167,False,2024-07-17 19:25:36.741499+00:00,ASM,22295
1242745,375592,True,3,The Big Zoo Trip,940,False,24322,False,2024-07-17 19:26:03.499452+00:00,ASM,22295
1242746,375592,True,4,The Big Zoo Trip,940,False,17466,False,2024-07-17 19:26:22.009656+00:00,ASM,22295
1242156,375306,True,2,Python_Week9_Collection1_Q1,481,True,98,True,2024-07-03 19:43:49.180758+00:00,TUT,18724
1670062,530206,True,2,Python_Week7_ControlFlow_Q3b,587,True,106,True,2025-02-27 16:07:55.422788+00:00,TUT,32921
1241959,375217,True,1,Circles And Squares,974,False,33022,False,2024-06-26 20:13:35.457801+00:00,ASM,22295
1241960,375217,True,2,Circles And Squares,974,False,11804,False,2024-06-26 20:13:59.013625+00:00,ASM,22295
1241961,375217,True,3,Circles And Squares,974,False,5649,False,2024-06-26 20:14:06.707724+00:00,ASM,22295
1241962,375217,True,4,Circles And Squares,974,False,7990,False,2024-06-26 20:14:16.756833+00:00,ASM,22295
1242116,375277,True,2,Python_Week2_Basics_Q1a,634,True,95,True,2024-07-03 17:44:16.286587+00:00,TUT,22300
1241302,374949,True,2,Python_Week2_Basics_Q2b,637,True,103,True,2024-06-13 19:27:48.775479+00:00,TUT,22283
1241084,374836,False,2,Python_Week4_Function1_Q4c,564,True,23559,False,2024-06-12 15:35:14.006395+00:00,TUT,22282
1241085,374837,True,2,Python_Week4_Function1_Q4b,563,True,100,True,2024-06-12 15:37:53.322666+00:00,TUT,22282
1241118,374856,True,2,Python_Week3_Bool&String_Q1,669,True,102,True,2024-06-12 16:09:07.146912+00:00,TUT,22282
1241096,374845,False,2,Python_Week2_Basics_Q3,638,True,25557,False,2024-06-12 15:48:02.932226+00:00,TUT,22282
1241097,374845,True,3,Python_Week2_Basics_Q3,638,True,20150,False,2024-06-12 15:48:34.406935+00:00,TUT,22282
1241098,374845,True,4,Python_Week2_Basics_Q3,638,True,21348,False,2024-06-12 15:49:11.417635+00:00,TUT,22282
1241099,374845,True,5,Python_Week2_Basics_Q3,638,True,28584,False,2024-06-12 15:49:57.589366+00:00,TUT,22282
1241100,374845,True,6,Python_Week2_Basics_Q3,638,True,24295,False,2024-06-12 15:50:26.809598+00:00,TUT,22282
1241315,374958,True,2,Python_Week2_Basics_Q8,645,True,154,True,2024-06-13 19:45:05.201916+00:00,TUT,22283
1241924,375206,True,2,So Many Pizzas,990,False,112,True,2024-06-26 19:52:30.075592+00:00,TUT,22295
1239093,374043,True,2,Python_Week2_Basics_Q5b,641,True,100,True,2024-05-27 15:35:03.260448+00:00,TUT,18724
1242200,375337,True,2,Python_Week8_ControlFlow_Q1,583,True,135,True,2024-07-03 20:32:59.369232+00:00,TUT,18724
1241316,374959,True,2,Python_Week3_Bool&String_Q6,676,True,135,True,2024-06-13 19:46:22.015611+00:00,TUT,22283
1243606,377193,False,2,Python_Week2_Basics_Q7,644,True,26374,False,2024-07-31 19:02:55.591243+00:00,TUT,22295
1241921,375203,True,2,Pizza Blocks,1001,False,114,True,2024-06-26 19:47:39.722784+00:00,TUT,22295
1670063,530207,False,2,Python_Week7_ControlFlow_Q4a,588,True,47311,False,2025-02-27 16:09:52.075703+00:00,TUT,32921
1670064,530207,True,3,Python_Week7_ControlFlow_Q4a,588,True,30249,False,2025-02-27 16:10:29.720578+00:00,TUT,32921
1670065,530207,True,4,Python_Week7_ControlFlow_Q4a,588,True,30501,False,2025-02-27 16:11:13.967157+00:00,TUT,32921
1670066,530207,True,5,Python_Week7_ControlFlow_Q4a,588,True,24154,False,2025-02-27 16:11:52.066472+00:00,TUT,32921
1242358,375407,True,2,Python_Week8_ControlFlow_Q1,583,True,131,True,2024-07-04 15:16:12.621752+00:00,TUT,22302
1212674,364876,False,2,Puzzle2 - Q01 - syntax1,634,True,33651,False,2024-03-22 18:08:12.076398+00:00,TUT,18724
1212675,364876,False,3,Puzzle2 - Q01 - syntax1,634,True,24809,False,2024-03-22 18:08:48.073578+00:00,TUT,18724
1212676,364876,True,4,Puzzle2 - Q01 - syntax1,634,True,25613,False,2024-03-22 18:09:31.619591+00:00,TUT,18724
1212677,364876,True,5,Puzzle2 - Q01 - syntax1,634,True,58096,False,2024-03-22 18:10:41.230973+00:00,TUT,18724
1241943,375213,True,1,Fun With Wanda's Friends,957,False,34964,False,2024-06-26 20:05:24.985005+00:00,ASM,22295
1241944,375213,True,2,Fun With Wanda's Friends,957,False,52913,False,2024-06-26 20:06:20.986949+00:00,ASM,22295
1241945,375213,True,3,Fun With Wanda's Friends,957,False,14093,False,2024-06-26 20:06:37.146099+00:00,ASM,22295
1241946,375213,True,4,Fun With Wanda's Friends,957,False,25774,False,2024-06-26 20:07:05.061182+00:00,ASM,22295
1242609,375539,True,1,Rhyming Challenge,947,False,20493,False,2024-07-17 17:30:23.960671+00:00,ASM,22295
1242610,375539,True,2,Rhyming Challenge,947,False,8612,False,2024-07-17 17:30:35.006049+00:00,ASM,22295
1242611,375539,True,3,Rhyming Challenge,947,False,7078,False,2024-07-17 17:30:44.602353+00:00,ASM,22295
1242612,375539,True,4,Rhyming Challenge,947,False,5967,False,2024-07-17 17:30:53.131586+00:00,ASM,22295
1880923,607697,True,2,Lesson Set 2 - Q05,1282,True,115,True,2025-06-06 18:29:21.504231+00:00,TUT,19350
1634020,517617,True,2,Python_Week12_Class&Object_Q4,786,True,87,True,2025-02-10 16:34:38.460753+00:00,TUT,18724
1242163,375310,True,2,Python_Week9_Collection1_Q6,490,True,91,True,2024-07-03 19:50:41.766351+00:00,TUT,18724
1241134,374865,True,2,Python_Week3_Bool&String_Q6,676,True,106,True,2024-06-12 16:25:53.013311+00:00,TUT,22282
1880901,606371,True,2,Lesson Set 1 - Q08,1269,True,93,True,2025-06-04 20:16:46.588807+00:00,TUT,35486
1242634,375549,True,1,Letter Sounds,705,False,17672,False,2024-07-17 17:46:27.384532+00:00,ASM,22295
1242635,375549,True,2,Letter Sounds,705,False,7619,False,2024-07-17 17:46:37.051188+00:00,ASM,22295
1242636,375549,True,3,Letter Sounds,705,False,7335,False,2024-07-17 17:46:46.420711+00:00,ASM,22295
1242637,375549,True,4,Letter Sounds,705,False,6142,False,2024-07-17 17:46:54.005743+00:00,ASM,22295
1242677,375565,True,2,Bella And Terra,979,False,111,True,2024-07-17 18:20:32.827485+00:00,TUT,22295
1241110,374852,True,2,Python_Week2_Basics_Q6,643,True,122,True,2024-06-12 16:00:45.061726+00:00,TUT,22282
1242662,375559,True,2,The Torn Picture,1014,False,129,True,2024-07-17 18:07:17.976266+00:00,TUT,22295
1242668,375562,True,1,Trip To The Movies,952,False,29374,False,2024-07-17 18:13:00.578287+00:00,ASM,22295
1242669,375562,True,2,Trip To The Movies,952,False,15951,False,2024-07-17 18:13:18.815121+00:00,ASM,22295
1242670,375562,True,3,Trip To The Movies,952,False,14982,False,2024-07-17 18:13:35.870792+00:00,ASM,22295
1242671,375562,True,4,Trip To The Movies,952,False,19231,False,2024-07-17 18:13:58.688415+00:00,ASM,22295
1141257,339973,True,2,Puzzle2 - Q01 - syntax1,634,True,76,True,2024-03-22 17:46:13.018389+00:00,TUT,18724
1242123,375283,True,2,Python_Week8_ControlFlow_Q3b,587,True,108,True,2024-07-03 18:02:07.100591+00:00,TUT,22300
1241310,374953,True,2,Python_Week2_Basics_Q5b,641,True,151,True,2024-06-13 19:37:47.716789+00:00,TUT,22283
1241987,375224,True,1,Larger Number,913,False,20515,False,2024-06-26 20:24:44.887777+00:00,ASM,22295
1241988,375224,True,2,Larger Number,913,False,8261,False,2024-06-26 20:24:54.993133+00:00,ASM,22295
1241989,375224,True,3,Larger Number,913,False,6598,False,2024-06-26 20:25:05.248205+00:00,ASM,22295
1241990,375224,True,4,Larger Number,913,False,17971,False,2024-06-26 20:25:25.007217+00:00,ASM,22295
1880724,605967,True,2,Lesson Set 1 - Q08,1269,True,141,True,2025-06-04 18:12:51.026536+00:00,TUT,35487
1241983,375223,True,1,Blind Positions,982,False,27298,False,2024-06-26 20:22:50.775766+00:00,ASM,22295
1241984,375223,True,2,Blind Positions,982,False,5538,False,2024-06-26 20:22:58.282425+00:00,ASM,22295
1241985,375223,False,3,Blind Positions,982,False,6417,False,2024-06-26 20:23:06.855415+00:00,ASM,22295
1241986,375223,True,4,Blind Positions,982,False,5257,False,2024-06-26 20:23:14.641452+00:00,ASM,22295
1242594,375533,True,1,First And Last Sounds,926,False,23868,False,2024-07-17 17:17:54.372783+00:00,ASM,22295
1242595,375533,True,2,First And Last Sounds,926,False,9152,False,2024-07-17 17:18:08.483129+00:00,ASM,22295
1242596,375533,True,3,First And Last Sounds,926,False,9878,False,2024-07-17 17:18:20.325341+00:00,ASM,22295
1242597,375533,True,4,First And Last Sounds,926,False,16293,False,2024-07-17 17:18:50.368929+00:00,ASM,22295
1242166,375312,True,2,Python_Week9_Collection1_Q8,492,True,151,True,2024-07-03 19:53:55.861726+00:00,TUT,18724
1880902,606372,True,2,Lesson Set 1 - Q09,1270,True,84,True,2025-06-04 20:18:04.676273+00:00,TUT,35486
1241911,375193,True,2,Pepperoni Or Cheese?,912,False,107,True,2024-06-26 19:23:51.628008+00:00,TUT,22295
1242348,375399,True,2,Python_Week4_Function1_Q1a,555,True,97,True,2024-07-04 15:04:44.291404+00:00,TUT,22302
1242692,375571,True,2,Url Rides A Bike,964,False,108,True,2024-07-17 18:35:15.035941+00:00,TUT,22295
1241999,375227,True,1,Add My Bike,1007,False,20577,False,2024-06-26 20:28:24.316551+00:00,ASM,22295
1242000,375227,True,2,Add My Bike,1007,False,9085,False,2024-06-26 20:28:35.325622+00:00,ASM,22295
1242001,375227,True,3,Add My Bike,1007,False,5617,False,2024-06-26 20:28:43.065496+00:00,ASM,22295
1242002,375227,True,4,Add My Bike,1007,False,8578,False,2024-06-26 20:28:53.581053+00:00,ASM,22295
1241101,374846,True,2,Python_Week2_Basics_Q4a,639,True,99,True,2024-06-12 15:52:24.407635+00:00,TUT,22282
1241951,375215,True,1,Challenging Mario,1002,False,17199,False,2024-06-26 20:09:49.012729+00:00,ASM,22295
1241952,375215,True,2,Challenging Mario,1002,False,7550,False,2024-06-26 20:09:58.646054+00:00,ASM,22295
1241953,375215,True,3,Challenging Mario,1002,False,6270,False,2024-06-26 20:10:06.811764+00:00,ASM,22295
1241954,375215,True,4,Challenging Mario,1002,False,12108,False,2024-06-26 20:10:20.866043+00:00,ASM,22295
1242124,375284,False,2,Python_Week8_ControlFlow_Q4a,588,True,35580,False,2024-07-03 18:03:16.300313+00:00,TUT,22300
1242125,375284,True,3,Python_Week8_ControlFlow_Q4a,588,True,33337,False,2024-07-03 18:04:46.131824+00:00,TUT,22300
1242126,375284,True,4,Python_Week8_ControlFlow_Q4a,588,True,25637,False,2024-07-03 18:05:22.565726+00:00,TUT,22300
1242127,375284,True,5,Python_Week8_ControlFlow_Q4a,588,True,30594,False,2024-07-03 18:06:10.722769+00:00,TUT,22300
1242633,375548,True,2,B Good,702,False,93,True,2024-07-17 17:45:43.933703+00:00,TUT,22295
1670061,530205,True,2,Python_Week7_ControlFlow_Q3a,586,True,87,True,2025-02-27 16:06:55.362787+00:00,TUT,32921
1880900,606370,True,2,Lesson Set 1 - Q07,1268,True,91,True,2025-06-04 20:15:36.711044+00:00,TUT,35486
1241109,374851,False,2,Python_Week2_Basics_Q6,643,True,14280,False,2024-06-12 15:59:14.469375+00:00,TUT,22282
1880928,607702,True,2,Lesson Set 2 - Q10,1287,True,98,True,2025-06-06 18:34:54.677908+00:00,TUT,19350
1880903,606373,False,2,Lesson Set 2 - Q01,1278,True,8354,False,2025-06-05 15:52:02.272019+00:00,TUT,35488
1880904,606373,True,3,Lesson Set 2 - Q01,1278,True,9410,False,2025-06-05 15:52:20.145078+00:00,TUT,35488
1880905,606373,True,4,Lesson Set 2 - Q01,1278,True,11493,False,2025-06-05 15:52:49.323326+00:00,TUT,35488
1242104,375266,False,2,Python_Week5_Function2_Q3,569,True,12840,False,2024-06-27 20:05:36.969637+00:00,TUT,22282
1242105,375266,True,3,Python_Week5_Function2_Q3,569,True,19602,False,2024-06-27 20:06:10.919588+00:00,TUT,22282
1241971,375220,False,1,2D Game,986,False,26169,False,2024-06-26 20:18:49.951062+00:00,ASM,22295
1241972,375220,True,2,2D Game,986,False,8616,False,2024-06-26 20:19:00.681385+00:00,ASM,22295
1241973,375220,True,3,2D Game,986,False,5490,False,2024-06-26 20:19:08.030453+00:00,ASM,22295
1241974,375220,False,4,2D Game,986,False,8651,False,2024-06-26 20:19:18.594395+00:00,ASM,22295
1242698,375574,True,1,Picture Reading,943,False,17552,False,2024-07-17 18:40:23.945632+00:00,ASM,22295
1242699,375574,True,2,Picture Reading,943,False,6887,False,2024-07-17 18:40:33.000594+00:00,ASM,22295
1242700,375574,True,3,Picture Reading,943,False,6164,False,2024-07-17 18:40:41.018808+00:00,ASM,22295
1242701,375574,True,4,Picture Reading,943,False,8861,False,2024-07-17 18:40:52.046422+00:00,ASM,22295
1241979,375222,True,1,Toy Shapes,984,False,25700,False,2024-06-26 20:21:30.346957+00:00,ASM,22295
1241980,375222,True,2,Toy Shapes,984,False,5368,False,2024-06-26 20:21:40.064922+00:00,ASM,22295
1241981,375222,True,3,Toy Shapes,984,False,5205,False,2024-06-26 20:21:47.078794+00:00,ASM,22295
1241982,375222,True,4,Toy Shapes,984,False,5481,False,2024-06-26 20:21:55.302095+00:00,ASM,22295
1242678,375566,True,1,Jolt's Little Story,980,False,36873,False,2024-07-17 18:22:12.244997+00:00,ASM,22295
1242679,375566,True,2,Jolt's Little Story,980,False,17726,False,2024-07-17 18:22:32.051827+00:00,ASM,22295
1242680,375566,True,3,Jolt's Little Story,980,False,24658,False,2024-07-17 18:23:20.118397+00:00,ASM,22295
1242681,375566,True,4,Jolt's Little Story,980,False,65414,False,2024-07-17 18:24:58.283544+00:00,ASM,22295
1141258,339974,True,2,Puzzle6_Q01 - module use,567,True,109,True,2024-03-22 17:51:40.917609+00:00,TUT,18724
1242382,375426,False,2,Python_Week8_ControlFlow_Q4a,588,True,38693,False,2024-07-04 15:51:18.871961+00:00,TUT,22302
1242383,375426,True,3,Python_Week8_ControlFlow_Q4a,588,True,17753,False,2024-07-04 15:52:05.578185+00:00,TUT,22302
1242384,375426,True,4,Python_Week8_ControlFlow_Q4a,588,True,30402,False,2024-07-04 15:52:49.546607+00:00,TUT,22302
1242385,375426,True,5,Python_Week8_ControlFlow_Q4a,588,True,17954,False,2024-07-04 15:53:33.280276+00:00,TUT,22302
1242599,375535,True,1,Space Mix-Ups,906,False,38951,False,2024-07-17 17:22:14.841284+00:00,ASM,22295
1242600,375535,True,2,Space Mix-Ups,906,False,11711,False,2024-07-17 17:22:30.039112+00:00,ASM,22295
1242601,375535,True,3,Space Mix-Ups,906,False,14380,False,2024-07-17 17:22:54.254812+00:00,ASM,22295
1242602,375535,True,4,Space Mix-Ups,906,False,11951,False,2024-07-17 17:23:09.222073+00:00,ASM,22295
1243591,377185,True,2,Python_Week2_Basics_Q2a,636,True,188,True,2024-07-31 18:47:51.417786+00:00,TUT,22295
1241914,375196,True,2,Jolt's Ball,985,False,184,True,2024-06-26 19:31:10.690333+00:00,TUT,22295
1242724,375585,True,1,An Old Song,838,False,42769,False,2024-07-17 19:07:06.924883+00:00,ASM,22295
1242725,375585,True,2,An Old Song,838,False,28975,False,2024-07-17 19:07:38.179645+00:00,ASM,22295
1242726,375585,True,3,An Old Song,838,False,85798,False,2024-07-17 19:09:06.004596+00:00,ASM,22295
1242727,375585,True,4,An Old Song,838,False,21534,False,2024-07-17 19:09:29.360823+00:00,ASM,22295
1242693,375572,True,1,Vee's New Book,968,False,14694,False,2024-07-17 18:36:50.760102+00:00,ASM,22295
1242694,375572,True,2,Vee's New Book,968,False,6394,False,2024-07-17 18:37:00.494728+00:00,ASM,22295
1242695,375572,True,3,Vee's New Book,968,False,5900,False,2024-07-17 18:37:08.474897+00:00,ASM,22295
1242696,375572,True,4,Vee's New Book,968,False,6005,False,2024-07-17 18:37:18.431953+00:00,ASM,22295
1241137,374868,False,2,Python_Week3_Bool&String_Q9,679,True,37921,False,2024-06-12 16:30:21.429729+00:00,TUT,22282
1241072,374827,True,2,Python_Week4_Function1_Q1b,556,True,92,True,2024-06-12 15:18:39.808834+00:00,TUT,22282
1242371,375416,True,2,Python_Week3_Bool&String_Q7,677,True,141,True,2024-07-04 15:35:16.693055+00:00,TUT,22302
1239082,374035,True,2,Python_Week9_Collection1_Q3,484,True,177,True,2024-05-23 14:48:23.618808+00:00,TUT,18724
1241077,374832,False,2,Python_Week4_Function1_Q4d,565,True,44667,False,2024-06-12 15:25:55.145115+00:00,TUT,22282
1241314,374957,False,2,Python_Week2_Basics_Q8,645,True,36638,False,2024-06-13 19:42:43.727694+00:00,TUT,22283
1242604,375537,True,1,New Language,949,False,20872,False,2024-07-17 17:26:40.247599+00:00,ASM,22295
1242605,375537,True,2,New Language,949,False,20696,False,2024-07-17 17:27:16.775762+00:00,ASM,22295
1242606,375537,True,3,New Language,949,False,7617,False,2024-07-17 17:27:27.014853+00:00,ASM,22295
1242607,375537,True,4,New Language,949,False,7552,False,2024-07-17 17:27:41.048008+00:00,ASM,22295
1880594,605587,True,2,Lesson Set 1 - Q02,1124,True,109,True,2025-05-23 20:35:40.985013+00:00,TUT,22181
1243587,377183,True,2,Python_Week2_Basics_Q1a,634,True,215,True,2024-07-31 18:44:23.651785+00:00,TUT,22295
1239092,374042,True,2,Python_Week2_Basics_Q4b,640,True,134,True,2024-05-27 15:33:23.001823+00:00,TUT,18724
1241939,375212,True,1,Park Puzzles,963,False,20913,False,2024-06-26 20:03:28.635403+00:00,ASM,22295
1241940,375212,True,2,Park Puzzles,963,False,11476,False,2024-06-26 20:03:42.099043+00:00,ASM,22295
1241941,375212,True,3,Park Puzzles,963,False,9717,False,2024-06-26 20:03:53.918839+00:00,ASM,22295
1241942,375212,True,4,Park Puzzles,963,False,14383,False,2024-06-26 20:04:10.157985+00:00,ASM,22295
1241895,375183,True,2,So Many Books,882,False,105,True,2024-06-26 19:00:00.593875+00:00,TUT,22295
1241140,374871,True,2,Python_Week3_Bool&String_Q9,679,True,121,True,2024-06-12 16:34:39.709187+00:00,TUT,22282
1242162,375309,True,2,Python_Week9_Collection1_Q5,489,True,129,True,2024-07-03 19:49:58.487526+00:00,TUT,18724
1239100,374050,True,2,Python_Week2_Basics_Q7,644,True,87,True,2024-05-27 15:52:52.327294+00:00,TUT,18724
1242102,375264,True,2,Python_Week5_Function2_Q1,567,True,89,True,2024-06-27 20:03:41.937214+00:00,TUT,22282
1241138,374869,False,2,Python_Week3_Bool&String_Q9,679,True,10761,False,2024-06-12 16:31:49.058818+00:00,TUT,22282
1242128,375285,True,2,Python_Week8_ControlFlow_Q4b,589,True,112,True,2024-07-03 18:08:22.918724+00:00,TUT,22300
1241094,374843,True,2,Python_Week2_Basics_Q2a,636,True,96,True,2024-06-12 15:46:24.275183+00:00,TUT,22282
1242133,375289,True,2,Python_Week9_Collection1_Q2,482,True,140,True,2024-07-03 18:17:26.054943+00:00,TUT,22300
1242110,375270,False,2,Python_Week5_Function2_Q6,572,True,24228,False,2024-06-27 20:12:33.470871+00:00,TUT,22282
1242183,375322,True,2,Python_Week5_Function2_Q7,573,True,103,True,2024-07-03 20:13:13.941481+00:00,TUT,18724
1242707,375577,True,2,Tell Me A Story,941,False,159,True,2024-07-17 18:46:29.880487+00:00,TUT,22295
1879193,603417,False,2,Python_Week9_Collection2_Q1a,772,True,26375,False,2025-02-27 17:42:49.059657+00:00,TUT,18726
1879194,603417,True,3,Python_Week9_Collection2_Q1a,772,True,10625,False,2025-02-27 17:43:08.435879+00:00,TUT,18726
1879195,603417,True,4,Python_Week9_Collection2_Q1a,772,True,13246,False,2025-02-27 17:43:38.045616+00:00,TUT,18726
1242378,375423,True,2,Python_Week3_Bool&String_Q5,675,True,107,True,2024-07-04 15:45:38.153549+00:00,TUT,22302
1242115,375276,True,2,Python_Week2_Basics_Q1a,634,True,99,True,2024-07-03 17:41:57.279889+00:00,TUT,22300
1242628,375546,True,2,Change-A-Word Game,754,False,103,True,2024-07-17 17:42:07.099511+00:00,TUT,22295
1880895,606367,True,2,Lesson Set 1 - Q04,1265,True,117,True,2025-06-04 20:10:13.567939+00:00,TUT,35486
1242201,375338,False,2,Python_Week8_ControlFlow_Q2a,584,True,14980,False,2024-07-03 20:33:59.427637+00:00,TUT,18724
1242202,375338,False,4,Python_Week8_ControlFlow_Q2a,584,True,7962,False,2024-07-03 20:34:28.261952+00:00,TUT,18724
1242203,375338,False,5,Python_Week8_ControlFlow_Q2a,584,True,17656,False,2024-07-03 20:35:01.023928+00:00,TUT,18724
1242197,375334,False,2,Python_Week4_Function1_Q4c,564,True,16717,False,2024-07-03 20:28:36.018828+00:00,TUT,18724
1242144,375296,False,2,Python_Week9_Collection1_Q8,492,True,59452,False,2024-07-03 18:33:36.415898+00:00,TUT,22300
1242145,375296,True,3,Python_Week9_Collection1_Q8,492,True,47683,False,2024-07-03 18:34:34.981832+00:00,TUT,22300
1242589,375531,True,1,Left To Right,704,False,11637,False,2024-07-17 17:13:25.092674+00:00,ASM,22295
1242590,375531,True,2,Left To Right,704,False,8571,False,2024-07-17 17:13:35.936206+00:00,ASM,22295
1242591,375531,True,3,Left To Right,704,False,8626,False,2024-07-17 17:13:46.785395+00:00,ASM,22295
1242592,375531,True,4,Left To Right,704,False,7276,False,2024-07-17 17:13:56.761756+00:00,ASM,22295
1242196,375333,True,2,Python_Week4_Function1_Q4b,563,True,125,True,2024-07-03 20:27:48.384581+00:00,TUT,18724
1242167,375313,False,2,Python_Week9_Collection1_Q9,493,True,41350,False,2024-07-03 19:55:07.371683+00:00,TUT,18724
1242168,375313,False,3,Python_Week9_Collection1_Q9,493,True,17261,False,2024-07-03 19:55:33.286232+00:00,TUT,18724
1241080,374835,False,2,Python_Week4_Function1_Q4b,563,True,35200,False,2024-06-12 15:31:27.026345+00:00,TUT,22282
1241081,374835,False,3,Python_Week4_Function1_Q4b,563,True,29400,False,2024-06-12 15:32:08.635129+00:00,TUT,22282
1241082,374835,True,4,Python_Week4_Function1_Q4b,563,True,26226,False,2024-06-12 15:32:51.860781+00:00,TUT,22282
1241083,374835,True,5,Python_Week4_Function1_Q4b,563,True,19558,False,2024-06-12 15:33:28.862075+00:00,TUT,22282
1241909,375191,True,2,The New Dog,863,False,108,True,2024-06-26 19:17:36.750017+00:00,TUT,22295
1239095,374045,True,2,Python_Week2_Basics_Q6,643,True,125,True,2024-05-27 15:38:03.397514+00:00,TUT,18724
1242718,375582,True,2,Let's Go To The Park!,944,False,131,True,2024-07-17 18:57:47.816463+00:00,TUT,22295
1242367,375412,True,2,Python_Week9_Collection1_Q9,493,True,113,True,2024-07-04 15:29:37.206122+00:00,TUT,22302
1242109,375269,True,2,Python_Week5_Function2_Q5,571,True,103,True,2024-06-27 20:11:40.815929+00:00,TUT,22282
1242643,375552,True,1,Class Story,934,False,23470,False,2024-07-17 17:52:21.294378+00:00,ASM,22295
1242644,375552,True,2,Class Story,934,False,15976,False,2024-07-17 17:52:40.305679+00:00,ASM,22295
1242645,375552,True,3,Class Story,934,False,17426,False,2024-07-17 17:52:59.894355+00:00,ASM,22295
1242646,375552,True,4,Class Story,934,False,16145,False,2024-07-17 17:53:25.068621+00:00,ASM,22295
1670059,530204,False,2,Python_Week7_ControlFlow_Q2b,585,True,93759,False,2025-02-27 16:01:36.913022+00:00,TUT,32921
1670060,530204,False,4,Python_Week7_ControlFlow_Q2b,585,True,31454,False,2025-02-27 16:02:30.686671+00:00,TUT,32921
1242623,375544,True,2,Cat Got Your Tongue,701,False,132,True,2024-07-17 17:38:41.564062+00:00,TUT,22295
1242117,375278,True,2,Python_Week8_ControlFlow_Q1,583,True,85,True,2024-07-03 17:45:59.737756+00:00,TUT,22300
1880889,606365,False,2,Lesson Set 1 - Q03,1264,True,10062,False,2025-06-04 20:04:41.450518+00:00,TUT,35486
1880890,606365,False,3,Lesson Set 1 - Q03,1264,True,11161,False,2025-06-04 20:05:05.703748+00:00,TUT,35486
1880891,606365,False,4,Lesson Set 1 - Q03,1264,True,23446,False,2025-06-04 20:05:47.272006+00:00,TUT,35486
1241129,374862,True,2,Python_Week3_Bool&String_Q3,673,True,123,True,2024-06-12 16:20:07.171705+00:00,TUT,22282
1242119,375280,False,2,Python_Week8_ControlFlow_Q2b,585,True,20874,False,2024-07-03 17:52:56.398215+00:00,TUT,22300
1242120,375280,True,4,Python_Week8_ControlFlow_Q2b,585,True,13483,False,2024-07-03 17:53:46.706472+00:00,TUT,22300
1241918,375200,True,2,Wanda Sees A Snake,971,False,142,True,2024-06-26 19:41:56.022616+00:00,TUT,22295
1242158,375308,False,2,Python_Week9_Collection1_Q4,485,True,55658,False,2024-07-03 19:46:13.632519+00:00,TUT,18724
1242159,375308,True,3,Python_Week9_Collection1_Q4,485,True,13218,False,2024-07-03 19:46:35.100022+00:00,TUT,18724
1242160,375308,False,4,Python_Week9_Collection1_Q4,485,True,20993,False,2024-07-03 19:47:07.419688+00:00,TUT,18724
1242161,375308,True,5,Python_Week9_Collection1_Q4,485,True,21604,False,2024-07-03 19:47:45.998173+00:00,TUT,18724
1239394,374148,False,2,Python_Week2_Basics_Q1a,634,True,25055,False,2024-05-29 15:00:07.101283+00:00,TUT,22181
1239395,374148,True,3,Python_Week2_Basics_Q1a,634,True,18819,False,2024-05-29 15:00:42.643809+00:00,TUT,22181
1239396,374148,False,4,Python_Week2_Basics_Q1a,634,True,15706,False,2024-05-29 15:01:18.960752+00:00,TUT,22181
1239397,374148,True,5,Python_Week2_Basics_Q1a,634,True,19432,False,2024-05-29 15:01:43.861766+00:00,TUT,22181
1242703,375576,True,1,Wanda's Adventures,1012,False,26800,False,2024-07-17 18:43:56.141653+00:00,ASM,22295
1242704,375576,True,2,Wanda's Adventures,1012,False,17758,False,2024-07-17 18:44:15.927533+00:00,ASM,22295
1242705,375576,True,3,Wanda's Adventures,1012,False,15454,False,2024-07-17 18:44:35.620066+00:00,ASM,22295
1242706,375576,True,4,Wanda's Adventures,1012,False,19298,False,2024-07-17 18:44:57.548504+00:00,ASM,22295
1242629,375547,True,1,Make New Words,755,False,17535,False,2024-07-17 17:43:14.900652+00:00,ASM,22295
1242630,375547,True,2,Make New Words,755,False,11460,False,2024-07-17 17:43:29.051701+00:00,ASM,22295
1242631,375547,True,3,Make New Words,755,False,10229,False,2024-07-17 17:43:41.464335+00:00,ASM,22295
1242632,375547,True,4,Make New Words,755,False,8498,False,2024-07-17 17:43:52.052198+00:00,ASM,22295
1242131,375287,True,2,Python_Week8_ControlFlow_Q4c,590,True,95,True,2024-07-03 18:14:04.481797+00:00,TUT,22300
1879197,603419,True,2,Python_Week11_Class&Object_Q1,783,True,86,True,2025-02-27 17:46:58.615468+00:00,TUT,18726
1242211,375344,False,2,Python_Week3_Bool&String_Q5,675,True,14244,False,2024-07-03 20:45:13.048053+00:00,TUT,18724
1242114,375274,True,2,Python_Week5_Function2_Q8,574,True,89,True,2024-06-27 20:18:53.128889+00:00,TUT,22282
1242652,375555,True,2,A Good Friend,731,False,171,True,2024-07-17 17:58:18.335659+00:00,TUT,22295
1242613,375540,True,2,Syllable Game,839,False,116,True,2024-07-17 17:33:18.213871+00:00,TUT,22295
1241912,375194,True,2,Where's That Shape?,981,False,105,True,2024-06-26 19:26:42.563031+00:00,TUT,22295
1242687,375569,True,2,Read Me Like A Book,956,False,139,True,2024-07-17 18:31:06.061776+00:00,TUT,22295
1242152,375302,True,2,Python_Week9_Collection1_Q4,485,True,133,True,2024-07-03 18:47:38.689301+00:00,TUT,22300
1241135,374866,True,2,Python_Week3_Bool&String_Q7,677,True,246,True,2024-06-12 16:27:45.148398+00:00,TUT,22282
1241967,375219,True,1,Cookie Shapes,988,False,21499,False,2024-06-26 20:17:21.007121+00:00,ASM,22295
1241968,375219,True,2,Cookie Shapes,988,False,9319,False,2024-06-26 20:17:33.002531+00:00,ASM,22295
1241969,375219,True,3,Cookie Shapes,988,False,8283,False,2024-06-26 20:17:43.909101+00:00,ASM,22295
1241970,375219,True,4,Cookie Shapes,988,False,11458,False,2024-06-26 20:17:57.186291+00:00,ASM,22295
1242588,375530,True,2,Letter From A Friend,699,False,117,True,2024-07-17 17:12:44.008711+00:00,TUT,22295
1880726,605969,True,2,Lesson Set 1 - Q10,1271,True,115,True,2025-06-04 18:15:03.012885+00:00,TUT,35487
1880693,605953,False,2,Lesson Set 1 - Q01,1262,True,6701,False,2025-06-03 21:48:10.018348+00:00,TUT,22181
1880694,605953,False,3,Lesson Set 1 - Q01,1262,True,8940,False,2025-06-03 21:48:36.358582+00:00,TUT,22181
1880695,605953,True,4,Lesson Set 1 - Q01,1262,True,12965,False,2025-06-03 21:49:04.366484+00:00,TUT,22181
1242366,375411,True,2,Python_Week8_ControlFlow_Q3a,586,True,107,True,2024-07-04 15:27:53.670837+00:00,TUT,22302
1880921,607695,True,2,Lesson Set 2 - Q03,1280,True,94,True,2025-06-06 18:27:50.900724+00:00,TUT,19350
1242111,375271,True,2,Python_Week5_Function2_Q7,573,True,96,True,2024-06-27 20:14:53.653026+00:00,TUT,22282
1880725,605968,True,2,Lesson Set 1 - Q09,1270,True,106,True,2025-06-04 18:13:40.328237+00:00,TUT,35487
1880925,607699,True,2,Lesson Set 2 - Q07,1284,True,127,True,2025-06-06 18:31:26.925317+00:00,TUT,19350
1242647,375553,True,2,"Stay, Shake, No",775,False,143,True,2024-07-17 17:55:17.414603+00:00,TUT,22295
1242624,375545,True,1,Can Jolt Hear?,929,False,21005,False,2024-07-17 17:39:43.649783+00:00,ASM,22295
1242625,375545,True,2,Can Jolt Hear?,929,False,9258,False,2024-07-17 17:39:54.824848+00:00,ASM,22295
1242626,375545,True,3,Can Jolt Hear?,929,False,8938,False,2024-07-17 17:40:05.896336+00:00,ASM,22295
1242627,375545,True,4,Can Jolt Hear?,929,False,11811,False,2024-07-17 17:40:19.755836+00:00,ASM,22295
1243592,377186,True,2,Python_Week2_Basics_Q2b,637,True,106,True,2024-07-31 18:49:05.822625+00:00,TUT,22295
1242355,375406,False,2,Python_Week2_Basics_Q1b,635,True,73503,False,2024-07-04 15:13:17.192043+00:00,TUT,22302
1242356,375406,True,3,Python_Week2_Basics_Q1b,635,True,27094,False,2024-07-04 15:13:51.793072+00:00,TUT,22302
1242357,375406,True,4,Python_Week2_Basics_Q1b,635,True,16131,False,2024-07-04 15:14:18.403889+00:00,TUT,22302
1242719,375583,True,1,Comparing Pictures,945,False,20398,False,2024-07-17 18:59:07.367482+00:00,ASM,22295
1242720,375583,True,2,Comparing Pictures,945,False,10356,False,2024-07-17 18:59:19.592415+00:00,ASM,22295
1242721,375583,True,3,Comparing Pictures,945,False,19848,False,2024-07-17 18:59:41.474159+00:00,ASM,22295
1242722,375583,True,4,Comparing Pictures,945,False,9252,False,2024-07-17 18:59:52.702525+00:00,ASM,22295
1239098,374048,True,2,Python_Week2_Basics_Q8,645,True,121,True,2024-05-27 15:48:59.054494+00:00,TUT,18724
1880692,605952,True,2,Lesson Set 1 - Q01,1262,True,88,True,2025-06-03 21:47:30.009049+00:00,TUT,22181
1242185,375324,True,2,Python_Week4_Function1_Q1a,555,True,113,True,2024-07-03 20:15:42.822885+00:00,TUT,18724
1241308,374951,True,2,Python_Week2_Basics_Q4a,639,True,228,True,2024-06-13 19:35:59.929523+00:00,TUT,22283
1242121,375281,True,2,Python_Week8_ControlFlow_Q3a,586,True,125,True,2024-07-03 17:57:35.062284+00:00,TUT,22300
1880696,605954,False,2,Lesson Set 1 - Q01,1262,True,6327,False,2025-06-04 16:01:12.439089+00:00,TUT,35488
1880697,605954,False,3,Lesson Set 1 - Q01,1262,True,8512,False,2025-06-04 16:01:40.727845+00:00,TUT,35488
1880698,605954,False,4,Lesson Set 1 - Q01,1262,True,10105,False,2025-06-04 16:02:11.345827+00:00,TUT,35488
1242003,375228,True,1,Counting In The Neighborhood,758,False,20547,False,2024-06-26 20:29:53.163011+00:00,ASM,22295
1242004,375228,True,2,Counting In The Neighborhood,758,False,8040,False,2024-06-26 20:30:03.048219+00:00,ASM,22295
1242005,375228,True,3,Counting In The Neighborhood,758,False,8884,False,2024-06-26 20:30:15.234435+00:00,ASM,22295
1242006,375228,True,4,Counting In The Neighborhood,758,False,8274,False,2024-06-26 20:30:25.369393+00:00,ASM,22295
1880595,605588,False,2,Lesson Set 1 - Q02,1124,True,10968,False,2025-05-23 22:07:13.136257+00:00,TUT,22181
1880596,605588,False,3,Lesson Set 1 - Q02,1124,True,10649,False,2025-05-23 22:07:44.179312+00:00,TUT,22181
1880597,605588,False,4,Lesson Set 1 - Q02,1124,True,10581,False,2025-05-23 22:08:31.670538+00:00,TUT,22181
1242368,375413,True,2,Python_Week2_Basics_Q3,638,True,100,True,2024-07-04 15:30:52.122242+00:00,TUT,22302
1241907,375189,True,2,Counting Cookies,757,False,100,True,2024-06-26 19:12:49.272093+00:00,TUT,22295
1242353,375404,True,2,Python_Week4_Function1_Q1e,559,True,102,True,2024-07-04 15:09:43.225043+00:00,TUT,22302
1879199,603421,False,2,Python_Week8_Collection1_Q6,490,True,12713,False,2025-02-27 19:21:21.012564+00:00,TUT,18724
1879200,603421,False,3,Python_Week8_Collection1_Q6,490,True,11196,False,2025-02-27 19:21:49.085103+00:00,TUT,18724
1879201,603421,True,4,Python_Week8_Collection1_Q6,490,True,25796,False,2025-02-27 19:22:29.207262+00:00,TUT,18724
1242187,375326,True,2,Python_Week4_Function1_Q1c,557,True,106,True,2024-07-03 20:17:31.143665+00:00,TUT,18724
1242714,375581,True,1,Support Wanda,967,False,21844,False,2024-07-17 18:54:06.854543+00:00,ASM,22295
1242715,375581,True,2,Support Wanda,967,False,19269,False,2024-07-17 18:54:30.199422+00:00,ASM,22295
1242716,375581,True,3,Support Wanda,967,False,17820,False,2024-07-17 18:54:50.917962+00:00,ASM,22295
1242717,375581,True,4,Support Wanda,967,False,17852,False,2024-07-17 18:55:10.801593+00:00,ASM,22295
1880887,606363,True,2,Lesson Set 1 - Q01,1262,True,113,True,2025-06-04 20:02:37.972547+00:00,TUT,35486
1241121,374858,False,2,Python_Week3_Bool&String_Q2,672,True,26528,False,2024-06-12 16:12:09.938267+00:00,TUT,22282
1241122,374858,False,3,Python_Week3_Bool&String_Q2,672,True,36310,False,2024-06-12 16:12:57.037279+00:00,TUT,22282
1242151,375301,True,2,Python_Week9_Collection1_Q13,497,True,110,True,2024-07-03 18:46:01.465069+00:00,TUT,22300
1241311,374954,True,2,Python_Week2_Basics_Q5a,642,True,105,True,2024-06-13 19:39:01.913161+00:00,TUT,22283
1670055,530202,True,2,Python_Week7_ControlFlow_Q1,583,True,84,True,2025-02-27 15:45:54.702493+00:00,TUT,32921
1241313,374956,True,2,Python_Week2_Basics_Q7,644,True,132,True,2024-06-13 19:41:16.668742+00:00,TUT,22283
1242648,375554,True,1,Hunt And Win,776,False,20522,False,2024-07-17 17:56:00.466948+00:00,ASM,22295
1242649,375554,True,2,Hunt And Win,776,False,10291,False,2024-07-17 17:56:12.023657+00:00,ASM,22295
1242650,375554,True,3,Hunt And Win,776,False,13022,False,2024-07-17 17:56:27.549638+00:00,ASM,22295
1242651,375554,False,4,Hunt And Win,776,False,10390,False,2024-07-17 17:56:41.231451+00:00,ASM,22295
1242107,375268,False,2,Python_Week5_Function2_Q5,571,True,55178,False,2024-06-27 20:09:17.003093+00:00,TUT,22282
1242108,375268,False,4,Python_Week5_Function2_Q5,571,True,13797,False,2024-06-27 20:09:50.975992+00:00,TUT,22282
1241916,375198,True,2,What Can You Make?,992,False,126,True,2024-06-26 19:35:15.532123+00:00,TUT,22295
1242729,375587,True,1,My Very Busy Day,918,False,38536,False,2024-07-17 19:13:34.198916+00:00,ASM,22295
1242730,375587,True,2,My Very Busy Day,918,False,28930,False,2024-07-17 19:14:05.079519+00:00,ASM,22295
1242731,375587,True,3,My Very Busy Day,918,False,14293,False,2024-07-17 19:14:22.034852+00:00,ASM,22295
1242732,375587,True,4,My Very Busy Day,918,False,17998,False,2024-07-17 19:14:42.166516+00:00,ASM,22295
1242155,375305,True,2,Python_Week2_Basics_Q2b,637,True,123,True,2024-07-03 19:37:00.268301+00:00,TUT,22300
1242688,375570,True,1,New Book Adventure,958,False,25119,False,2024-07-17 18:32:54.044938+00:00,ASM,22295
1242689,375570,True,2,New Book Adventure,958,False,11532,False,2024-07-17 18:33:07.751836+00:00,ASM,22295
1242690,375570,True,3,New Book Adventure,958,False,8843,False,2024-07-17 18:33:18.521111+00:00,ASM,22295
1242691,375570,True,4,New Book Adventure,958,False,9433,False,2024-07-17 18:33:29.079944+00:00,ASM,22295
1670051,530201,False,2,Python_Week4_Function1_Q4b,563,True,100483,False,2025-02-27 15:39:53.169568+00:00,TUT,32921
1670052,530201,False,3,Python_Week4_Function1_Q4b,563,True,30073,False,2025-02-27 15:40:41.394809+00:00,TUT,32921
1670053,530201,True,4,Python_Week4_Function1_Q4b,563,True,91894,False,2025-02-27 15:42:30.053367+00:00,TUT,32921
1670054,530201,False,5,Python_Week4_Function1_Q4b,563,True,31822,False,2025-02-27 15:43:07.687583+00:00,TUT,32921
1241107,374849,True,2,Python_Week2_Basics_Q5b,641,True,140,True,2024-06-12 15:57:18.054634+00:00,TUT,22282
1242667,375561,True,2,Why Did They Go Home?,951,False,151,True,2024-07-17 18:12:10.818882+00:00,TUT,22295
1242351,375402,True,2,Python_Week4_Function1_Q1d,558,True,97,True,2024-07-04 15:08:01.107653+00:00,TUT,22302
1242387,375428,False,2,Python_Week8_ControlFlow_Q2b,585,True,16650,False,2024-07-04 15:56:30.334197+00:00,TUT,22302
1242388,375428,True,4,Python_Week8_ControlFlow_Q2b,585,True,52315,False,2024-07-04 15:57:47.087413+00:00,TUT,22302
1242157,375307,True,2,Python_Week9_Collection1_Q2,482,True,113,True,2024-07-03 19:44:42.043759+00:00,TUT,18724
1242147,375298,True,2,Python_Week9_Collection1_Q10,494,True,185,True,2024-07-03 18:37:32.082923+00:00,TUT,22300
1241300,374947,True,2,Python_Week2_Basics_Q1b,635,True,97,True,2024-06-13 19:26:19.537477+00:00,TUT,22283
1241926,375208,True,2,Pizza Contest,996,False,106,True,2024-06-26 19:54:57.863078+00:00,TUT,22295
1242702,375575,True,2,Comparing Adventures,1011,False,105,True,2024-07-17 18:43:03.620798+00:00,TUT,22295
1634019,517616,False,2,Python_Week12_Class&Object_Q6,788,True,38584,False,2025-02-10 16:30:36.093017+00:00,TUT,18724
1880591,605586,False,2,Lesson Set 1 - Q02,1124,True,5992,False,2025-05-23 20:30:47.200715+00:00,TUT,22181
1880592,605586,False,3,Lesson Set 1 - Q02,1124,True,9087,False,2025-05-23 20:31:08.591374+00:00,TUT,22181
1880593,605586,False,4,Lesson Set 1 - Q02,1124,True,11726,False,2025-05-23 20:31:37.453918+00:00,TUT,22181
1880713,605960,False,2,Lesson Set 1 - Q01,1262,True,9663,False,2025-06-04 18:02:01.921373+00:00,TUT,35487
1880714,605960,True,3,Lesson Set 1 - Q01,1262,True,32709,False,2025-06-04 18:02:46.955263+00:00,TUT,35487
1880715,605960,True,4,Lesson Set 1 - Q01,1262,True,26266,False,2025-06-04 18:03:24.074898+00:00,TUT,35487
1242189,375328,True,2,Python_Week4_Function1_Q1e,559,True,131,True,2024-07-03 20:19:22.055587+00:00,TUT,18724
1242739,375591,True,1,Book Example,930,False,25246,False,2024-07-17 19:22:26.498086+00:00,ASM,22295
1242740,375591,True,2,Book Example,930,False,14277,False,2024-07-17 19:22:44.533468+00:00,ASM,22295
1242741,375591,True,3,Book Example,930,False,11347,False,2024-07-17 19:22:58.347434+00:00,ASM,22295
1242742,375591,True,4,Book Example,930,False,14555,False,2024-07-17 19:23:14.612813+00:00,ASM,22295
1241931,375210,True,1,Foodie Sleepover,970,False,31732,False,2024-06-26 19:58:10.123318+00:00,ASM,22295
1241932,375210,True,2,Foodie Sleepover,970,False,11867,False,2024-06-26 19:58:44.982444+00:00,ASM,22295
1241933,375210,True,3,Foodie Sleepover,970,False,14059,False,2024-06-26 19:59:14.737199+00:00,ASM,22295
1241934,375210,True,4,Foodie Sleepover,970,False,72084,False,2024-06-26 20:00:29.008736+00:00,ASM,22295
1241071,374826,True,2,Python_Week4_Function1_Q1a,555,True,103,True,2024-06-12 15:16:56.030865+00:00,TUT,22282
1242375,375420,True,2,Python_Week5_Function2_Q2,568,True,110,True,2024-07-04 15:42:14.022766+00:00,TUT,22302
1242354,375405,True,2,Python_Week9_Collection1_Q1,481,True,128,True,2024-07-04 15:11:06.168227+00:00,TUT,22302
1241112,374854,True,2,Python_Week2_Basics_Q8,645,True,104,True,2024-06-12 16:02:28.916098+00:00,TUT,22282
1243603,377190,True,2,Python_Week2_Basics_Q5a,642,True,122,True,2024-07-31 19:00:21.217979+00:00,TUT,22295
1241917,375199,True,2,Welcome To The Show!,1029,False,116,True,2024-06-26 19:39:01.897678+00:00,TUT,22295
1242190,375329,True,2,Python_Week9_Collection1_Q13,497,True,110,True,2024-07-03 20:20:14.410336+00:00,TUT,18724
1242103,375265,True,2,Python_Week5_Function2_Q2,568,True,96,True,2024-06-27 20:04:50.416113+00:00,TUT,22282
1241095,374844,True,2,Python_Week2_Basics_Q2b,637,True,222,True,2024-06-12 15:47:01.742761+00:00,TUT,22282
1242639,375551,True,1,Short A Vowel Sounds,707,False,18477,False,2024-07-17 17:50:41.051205+00:00,ASM,22295
1242640,375551,True,2,Short A Vowel Sounds,707,False,14158,False,2024-07-17 17:51:00.161009+00:00,ASM,22295
1242641,375551,True,3,Short A Vowel Sounds,707,False,6986,False,2024-07-17 17:51:09.309131+00:00,ASM,22295
1242642,375551,True,4,Short A Vowel Sounds,707,False,8986,False,2024-07-17 17:51:20.199063+00:00,ASM,22295
1241963,375218,True,1,Mystery Objects,975,False,21100,False,2024-06-26 20:15:17.534057+00:00,ASM,22295
1241964,375218,True,2,Mystery Objects,975,False,18434,False,2024-06-26 20:15:39.990452+00:00,ASM,22295
1241965,375218,True,3,Mystery Objects,975,False,7150,False,2024-06-26 20:16:00.935086+00:00,ASM,22295
1241966,375218,True,4,Mystery Objects,975,False,5353,False,2024-06-26 20:16:08.182866+00:00,ASM,22295
1241922,375204,True,2,How Many Puppies?,962,False,121,True,2024-06-26 19:49:01.844726+00:00,TUT,22295
1239094,374044,True,2,Python_Week2_Basics_Q5a,642,True,141,True,2024-05-27 15:37:08.460787+00:00,TUT,18724
920929,265622,True,2,The Museum Entrance,893,False,101,True,2023-10-27 21:01:47.267482+00:00,TUT,18531
1241919,375201,True,2,Size Matters,976,False,128,True,2024-06-26 19:43:35.694411+00:00,TUT,22295
1242206,375340,True,2,Python_Week3_Bool&String_Q1,669,True,106,True,2024-07-03 20:39:49.721292+00:00,TUT,18724
1241312,374955,True,2,Python_Week2_Basics_Q6,643,True,153,True,2024-06-13 19:40:07.444527+00:00,TUT,22283
1243588,377184,False,2,Python_Week2_Basics_Q1b,635,True,22898,False,2024-07-31 18:45:13.610121+00:00,TUT,22295
1243589,377184,True,3,Python_Week2_Basics_Q1b,635,True,19101,False,2024-07-31 18:45:40.334424+00:00,TUT,22295
1243590,377184,True,4,Python_Week2_Basics_Q1b,635,True,16264,False,2024-07-31 18:46:07.061165+00:00,TUT,22295
1242198,375335,True,2,Python_Week4_Function1_Q4d,565,True,107,True,2024-07-03 20:30:38.054394+00:00,TUT,18724
1241906,375188,True,2,How Many Toys?,911,False,102,True,2024-06-26 19:10:34.440975+00:00,TUT,22295
1242365,375410,True,2,Python_Week9_Collection1_Q4,485,True,102,True,2024-07-04 15:25:42.267067+00:00,TUT,22302
1241955,375216,False,1,Making Shapes,1031,False,20455,False,2024-06-26 20:11:42.402436+00:00,ASM,22295
1241956,375216,True,2,Making Shapes,1031,False,8545,False,2024-06-26 20:11:59.521214+00:00,ASM,22295
1241957,375216,True,3,Making Shapes,1031,False,8089,False,2024-06-26 20:12:09.046063+00:00,ASM,22295
1241958,375216,True,4,Making Shapes,1031,False,8748,False,2024-06-26 20:12:20.103913+00:00,ASM,22295
1243607,377194,True,2,Python_Week2_Basics_Q7,644,True,159,True,2024-07-31 19:04:25.713121+00:00,TUT,22295
1880920,607694,True,2,Lesson Set 2 - Q02,1279,True,92,True,2025-06-06 18:26:46.838245+00:00,TUT,19350
1242182,375321,True,2,Python_Week5_Function2_Q6,572,True,108,True,2024-07-03 20:11:41.210409+00:00,TUT,18724
1241076,374831,True,2,Python_Week4_Function1_Q2,560,True,196,True,2024-06-12 15:24:38.689429+00:00,TUT,22282
1880888,606364,True,2,Lesson Set 1 - Q02,1263,True,80,True,2025-06-04 20:04:04.079961+00:00,TUT,35486
1243604,377191,True,2,Python_Week2_Basics_Q5b,641,True,196,True,2024-07-31 19:01:15.148659+00:00,TUT,22295
1880723,605966,True,2,Lesson Set 1 - Q07,1268,True,98,True,2025-06-04 18:11:58.134744+00:00,TUT,35487
1242370,375415,True,2,Python_Week3_Bool&String_Q2,672,True,95,True,2024-07-04 15:33:22.179198+00:00,TUT,22302
1242171,375315,False,2,Python_Week9_Collection1_Q11,495,True,48107,False,2024-07-03 19:59:48.955762+00:00,TUT,18724
1242172,375315,True,3,Python_Week9_Collection1_Q11,495,True,18667,False,2024-07-03 20:00:18.392489+00:00,TUT,18724
1239090,374040,True,2,Python_Week2_Basics_Q3,638,True,94,True,2024-05-27 15:29:47.830821+00:00,TUT,18724
1242618,375542,True,2,"Yes, You Can!",708,False,107,True,2024-07-17 17:35:24.133276+00:00,TUT,22295
1242346,375398,False,2,Python_Week4_Function1_Q1a,555,True,20923,False,2024-07-04 15:02:21.472831+00:00,TUT,22302
1242347,375398,True,3,Python_Week4_Function1_Q1a,555,True,27920,False,2024-07-04 15:03:05.042605+00:00,TUT,22302
1241139,374870,False,2,Python_Week3_Bool&String_Q9,679,True,9527,False,2024-06-12 16:33:23.827904+00:00,TUT,22282
1241908,375190,True,2,One More Bike,1004,False,105,True,2024-06-26 19:16:11.671929+00:00,TUT,22295
1242112,375272,False,2,Python_Week5_Function2_Q8,574,True,72443,False,2024-06-27 20:16:44.113922+00:00,TUT,22282
1241935,375211,True,1,Grouping Master,991,False,19966,False,2024-06-26 20:01:51.443778+00:00,ASM,22295
1241936,375211,True,2,Grouping Master,991,False,9376,False,2024-06-26 20:02:03.763047+00:00,ASM,22295
1241937,375211,True,3,Grouping Master,991,False,13157,False,2024-06-26 20:02:19.613311+00:00,ASM,22295
1241938,375211,True,4,Grouping Master,991,False,12808,False,2024-06-26 20:02:34.221188+00:00,ASM,22295
1879198,603420,True,2,Python_Week4_Function1_Q1a,555,True,92,True,2025-02-27 18:47:19.396789+00:00,TUT,18724
1241111,374853,True,2,Python_Week2_Basics_Q7,644,True,213,True,2024-06-12 16:01:33.694861+00:00,TUT,22282
1880729,605972,False,2,Lesson Set 1 - Q13,1275,True,19201,False,2025-06-04 18:18:07.735588+00:00,TUT,35487
1880730,605972,False,3,Lesson Set 1 - Q13,1275,True,119094,False,2025-06-04 18:20:42.013857+00:00,TUT,35487
1880731,605972,False,4,Lesson Set 1 - Q13,1275,True,48804,False,2025-06-04 18:22:33.009186+00:00,TUT,35487
1241901,375186,True,1,Food Art,993,False,26350,False,2024-06-26 19:05:22.947916+00:00,ASM,22295
1241902,375186,True,2,Food Art,993,False,27324,False,2024-06-26 19:05:53.060123+00:00,ASM,22295
1241903,375186,True,3,Food Art,993,False,16964,False,2024-06-26 19:06:12.060944+00:00,ASM,22295
1241904,375186,True,4,Food Art,993,False,15181,False,2024-06-26 19:06:30.471232+00:00,ASM,22295
1242708,375578,True,1,Candy Story Time,950,False,29281,False,2024-07-17 18:47:49.904933+00:00,ASM,22295
1242709,375578,True,2,Candy Story Time,950,False,17760,False,2024-07-17 18:48:09.072471+00:00,ASM,22295
1242710,375578,True,3,Candy Story Time,950,False,18683,False,2024-07-17 18:48:30.289845+00:00,ASM,22295
1242711,375578,True,4,Candy Story Time,950,False,17619,False,2024-07-17 18:48:50.234331+00:00,ASM,22295
1241126,374861,False,2,Python_Week3_Bool&String_Q3,673,True,54870,False,2024-06-12 16:18:02.755705+00:00,TUT,22282
1241127,374861,False,3,Python_Week3_Bool&String_Q3,673,True,11131,False,2024-06-12 16:18:21.008927+00:00,TUT,22282
1241128,374861,False,4,Python_Week3_Bool&String_Q3,673,True,14108,False,2024-06-12 16:18:52.070702+00:00,TUT,22282
1239088,374038,True,2,Python_Week2_Basics_Q2a,636,True,109,True,2024-05-27 15:27:31.621354+00:00,TUT,18724
1880722,605965,True,2,Lesson Set 1 - Q06,1267,True,125,True,2025-06-04 18:11:25.673407+00:00,TUT,35487
1880924,607698,True,2,Lesson Set 2 - Q06,1283,True,98,True,2025-06-06 18:30:47.113285+00:00,TUT,19350
1241078,374833,True,2,Python_Week4_Function1_Q3,561,True,118,True,2024-06-12 15:28:30.506329+00:00,TUT,22282
1241088,374840,True,2,Python_Week4_Function1_Q4e,566,True,161,True,2024-06-12 15:40:52.327809+00:00,TUT,22282
1242015,375231,True,1,Counting Books,908,False,15104,False,2024-06-26 20:33:34.205762+00:00,ASM,22295
1242016,375231,True,2,Counting Books,908,False,5464,False,2024-06-26 20:33:41.555595+00:00,ASM,22295
1242017,375231,True,3,Counting Books,908,False,5222,False,2024-06-26 20:33:48.661976+00:00,ASM,22295
1242018,375231,True,4,Counting Books,908,False,8158,False,2024-06-26 20:33:58.785781+00:00,ASM,22295
1879192,603416,True,2,Python_Week4_Function1_Q1a,555,True,108,True,2025-02-27 17:41:39.566222+00:00,TUT,18726
1242663,375560,True,1,Read Pictures,1025,False,18706,False,2024-07-17 18:08:29.174487+00:00,ASM,22295
1242664,375560,True,2,Read Pictures,1025,False,12248,False,2024-07-17 18:08:44.079443+00:00,ASM,22295
1242665,375560,True,3,Read Pictures,1025,False,22954,False,2024-07-17 18:09:10.214373+00:00,ASM,22295
1242666,375560,True,4,Read Pictures,1025,False,12903,False,2024-07-17 18:09:25.096881+00:00,ASM,22295
1241113,374855,False,2,Python_Week3_Bool&String_Q1,669,True,32475,False,2024-06-12 16:03:32.709765+00:00,TUT,22282
1241114,374855,False,3,Python_Week3_Bool&String_Q1,669,True,21290,False,2024-06-12 16:04:01.762605+00:00,TUT,22282
1241115,374855,True,4,Python_Week3_Bool&String_Q1,669,True,55258,False,2024-06-12 16:05:27.403233+00:00,TUT,22282
1241116,374855,True,5,Python_Week3_Bool&String_Q1,669,True,43183,False,2024-06-12 16:06:24.417082+00:00,TUT,22282
1241117,374855,False,6,Python_Week3_Bool&String_Q1,669,True,24294,False,2024-06-12 16:07:00.093382+00:00,TUT,22282
1242349,375400,True,2,Python_Week4_Function1_Q1b,556,True,86,True,2024-07-04 15:06:16.480153+00:00,TUT,22302
1241123,374859,False,2,Python_Week3_Bool&String_Q2,672,True,24464,False,2024-06-12 16:14:37.049662+00:00,TUT,22282
1241124,374859,False,3,Python_Week3_Bool&String_Q2,672,True,11034,False,2024-06-12 16:14:59.841854+00:00,TUT,22282
1242657,375557,True,2,A Family Of Words,723,False,213,True,2024-07-17 18:02:00.276053+00:00,TUT,22295
1620603,512657,True,2,Python_Week2_Basics_Q1a,634,True,286,True,2025-01-23 15:33:27.431467+00:00,TUT,18724
1242372,375417,True,2,Python_Week10_Collection2_Q1a,772,True,119,True,2024-07-04 15:37:45.407788+00:00,TUT,22302
1242733,375588,True,2,Sneaky Mom,935,False,117,True,2024-07-17 19:16:27.866858+00:00,TUT,22295
1242106,375267,True,2,Python_Week5_Function2_Q4,570,True,82,True,2024-06-27 20:07:36.911134+00:00,TUT,22282
1880589,605585,False,2,Lesson Set 1 - Q1,1123,True,6995,False,2025-05-23 20:04:07.963432+00:00,TUT,22181
1880590,605585,False,3,Lesson Set 1 - Q1,1123,True,11830,False,2025-05-23 20:04:30.167427+00:00,TUT,22181
1880892,606366,False,2,Lesson Set 1 - Q03,1264,True,5307,False,2025-06-04 20:07:57.176258+00:00,TUT,35486
1880893,606366,True,3,Lesson Set 1 - Q03,1264,True,11372,False,2025-06-04 20:08:18.915754+00:00,TUT,35486
1880894,606366,True,4,Lesson Set 1 - Q03,1264,True,11346,False,2025-06-04 20:08:44.810005+00:00,TUT,35486
1242199,375336,True,2,Python_Week4_Function1_Q4e,566,True,118,True,2024-07-03 20:31:21.171418+00:00,TUT,18724
1241093,374842,True,2,Python_Week2_Basics_Q1b,635,True,119,True,2024-06-12 15:45:27.163733+00:00,TUT,22282
1880717,605962,True,2,Lesson Set 1 - Q03,1264,True,101,True,2025-06-04 18:06:05.026039+00:00,TUT,35487
1242619,375543,True,1,Talking To Humans,709,False,23456,False,2024-07-17 17:36:23.538462+00:00,ASM,22295
1242620,375543,True,2,Talking To Humans,709,False,11858,False,2024-07-17 17:36:48.402667+00:00,ASM,22295
1242621,375543,True,3,Talking To Humans,709,False,8938,False,2024-07-17 17:36:59.263018+00:00,ASM,22295
1242622,375543,True,4,Talking To Humans,709,False,19995,False,2024-07-17 17:37:24.824172+00:00,ASM,22295
1241131,374864,False,2,Python_Week3_Bool&String_Q6,676,True,25402,False,2024-06-12 16:22:36.742747+00:00,TUT,22282
1241132,374864,True,3,Python_Week3_Bool&String_Q6,676,True,13005,False,2024-06-12 16:23:02.865166+00:00,TUT,22282
1241133,374864,False,4,Python_Week3_Bool&String_Q6,676,True,60994,False,2024-06-12 16:24:14.760474+00:00,TUT,22282
1242638,375550,True,2,Bedtime Story,706,False,124,True,2024-07-17 17:49:39.010793+00:00,TUT,22295
1241317,374960,True,2,Python_Week3_Bool&String_Q7,677,True,130,True,2024-06-13 19:47:32.997712+00:00,TUT,22283
1242653,375556,True,1,Frequency Words,732,False,17678,False,2024-07-17 17:58:54.367633+00:00,ASM,22295
1242654,375556,True,2,Frequency Words,732,False,10567,False,2024-07-17 17:59:08.005649+00:00,ASM,22295
1242655,375556,True,3,Frequency Words,732,False,13758,False,2024-07-17 17:59:24.339201+00:00,ASM,22295
1242656,375556,True,4,Frequency Words,732,False,13388,False,2024-07-17 17:59:42.999973+00:00,ASM,22295
1242146,375297,True,2,Python_Week9_Collection1_Q9,493,True,151,True,2024-07-03 18:36:36.098959+00:00,TUT,22300
1243609,377196,True,2,Python_Week2_Basics_Q8,645,True,146,True,2024-07-31 19:07:34.862481+00:00,TUT,22295
1242007,375229,True,1,Counting Toys,914,False,23116,False,2024-06-26 20:31:08.194965+00:00,ASM,22295
1242008,375229,True,2,Counting Toys,914,False,8515,False,2024-06-26 20:31:18.485291+00:00,ASM,22295
1242009,375229,True,3,Counting Toys,914,False,8446,False,2024-06-26 20:31:28.930789+00:00,ASM,22295
1242010,375229,True,4,Counting Toys,914,False,11450,False,2024-06-26 20:31:43.189729+00:00,ASM,22295
1242723,375584,True,2,That's A Big Pig!,837,False,304,True,2024-07-17 19:03:40.058545+00:00,TUT,22295
1242135,375291,False,2,Python_Week9_Collection1_Q4,485,True,52126,False,2024-07-03 18:19:54.283137+00:00,TUT,22300
1242136,375291,False,3,Python_Week9_Collection1_Q4,485,True,16381,False,2024-07-03 18:21:03.839898+00:00,TUT,22300
1242137,375291,False,4,Python_Week9_Collection1_Q4,485,True,17735,False,2024-07-03 18:21:48.240133+00:00,TUT,22300
1242138,375291,True,5,Python_Week9_Collection1_Q4,485,True,34362,False,2024-07-03 18:22:58.309522+00:00,TUT,22300
1241913,375195,True,2,"Colors, Shapes, Oh My!",983,False,124,True,2024-06-26 19:28:45.789175+00:00,TUT,22295
1241925,375207,True,2,Ten To Play,969,False,105,True,2024-06-26 19:53:33.460958+00:00,TUT,22295
1242210,375343,True,2,Python_Week3_Bool&String_Q4,674,True,118,True,2024-07-03 20:44:27.067294+00:00,TUT,18724
1880896,606368,False,2,Lesson Set 1 - Q05,1266,True,15999,False,2025-06-04 20:11:14.075203+00:00,TUT,35486
1880897,606368,True,3,Lesson Set 1 - Q05,1266,True,21004,False,2025-06-04 20:12:22.339448+00:00,TUT,35486
1880898,606368,True,4,Lesson Set 1 - Q05,1266,True,11045,False,2025-06-04 20:12:58.081188+00:00,TUT,35486
1620605,512659,True,2,Python_Week9_Collection1_Q1,481,True,101,True,2025-01-23 15:40:25.736133+00:00,TUT,18724
1241896,375184,True,1,Night Sky,899,False,17492,False,2024-06-26 19:01:34.004601+00:00,ASM,22295
1241897,375184,True,2,Night Sky,899,False,9271,False,2024-06-26 19:01:48.090534+00:00,ASM,22295
1241898,375184,True,3,Night Sky,899,False,8990,False,2024-06-26 19:02:00.675849+00:00,ASM,22295
1241899,375184,True,4,Night Sky,899,False,9051,False,2024-06-26 19:02:11.612006+00:00,ASM,22295
1880899,606369,True,2,Lesson Set 1 - Q06,1267,True,113,True,2025-06-04 20:15:00.220202+00:00,TUT,35486
1241299,374946,True,2,Python_Week2_Basics_Q1a,634,True,113,True,2024-06-13 19:24:45.979022+00:00,TUT,22283
1242712,375579,True,2,Vee And The Robot Book,933,False,158,True,2024-07-17 18:50:46.048837+00:00,TUT,22295
1241074,374829,True,2,Python_Week4_Function1_Q1d,558,True,246,True,2024-06-12 15:21:08.452525+00:00,TUT,22282
1241905,375187,True,2,Jolt Comes Home,888,False,134,True,2024-06-26 19:08:26.356114+00:00,TUT,22295
1242134,375290,True,2,Python_Week9_Collection1_Q3,484,True,105,True,2024-07-03 18:18:34.723861+00:00,TUT,22300
1242379,375424,True,2,Python_Week9_Collection1_Q6,490,True,118,True,2024-07-04 15:47:06.086449+00:00,TUT,22302
1242386,375427,True,2,Python_Week4_Function1_Q4a,562,True,123,True,2024-07-04 15:55:22.353867+00:00,TUT,22302
1242132,375288,True,2,Python_Week9_Collection1_Q1,481,True,122,True,2024-07-03 18:16:44.634281+00:00,TUT,22300
1241947,375214,True,1,Comparing Objects,978,False,21327,False,2024-06-26 20:08:21.578641+00:00,ASM,22295
1241948,375214,True,2,Comparing Objects,978,False,4953,False,2024-06-26 20:08:31.980594+00:00,ASM,22295
1241949,375214,True,3,Comparing Objects,978,False,5451,False,2024-06-26 20:08:39.359497+00:00,ASM,22295
1241950,375214,True,4,Comparing Objects,978,False,5405,False,2024-06-26 20:08:46.562179+00:00,ASM,22295
1242352,375403,True,2,Python_Week2_Basics_Q1a,634,True,127,True,2024-07-04 15:09:03.699388+00:00,TUT,22302
1241125,374860,True,2,Python_Week3_Bool&String_Q2,672,True,156,True,2024-06-12 16:16:37.035594+00:00,TUT,22282
1242011,375230,True,1,Writing Numbers,891,False,19940,False,2024-06-26 20:32:19.211605+00:00,ASM,22295
1242012,375230,True,2,Writing Numbers,891,False,8762,False,2024-06-26 20:32:29.933151+00:00,ASM,22295
1242013,375230,True,3,Writing Numbers,891,False,5679,False,2024-06-26 20:32:37.546555+00:00,ASM,22295
1242014,375230,True,4,Writing Numbers,891,False,8716,False,2024-06-26 20:32:48.128408+00:00,ASM,22295
1241108,374850,True,2,Python_Week2_Basics_Q5a,642,True,136,True,2024-06-12 15:58:18.218292+00:00,TUT,22282
1241119,374857,False,2,Python_Week3_Bool&String_Q4,674,True,18432,False,2024-06-12 16:10:06.750619+00:00,TUT,22282
1241120,374857,True,3,Python_Week3_Bool&String_Q4,674,True,11065,False,2024-06-12 16:10:25.051845+00:00,TUT,22282
1242598,375534,True,2,Comic Book Mix-Up,905,False,150,True,2024-07-17 17:20:41.232015+00:00,TUT,22295
1573561,496109,True,2,So Many Pizzas,990,False,124,True,2025-01-23 15:05:49.977515+00:00,TUT,18724
1880926,607700,True,2,Lesson Set 2 - Q08,1285,True,102,True,2025-06-06 18:32:05.676465+00:00,TUT,19350
1242593,375532,True,2,Be A Word Detective,925,False,182,True,2024-07-17 17:16:17.963738+00:00,TUT,22295
1242194,375332,False,2,Python_Week4_Function1_Q4a,562,True,29544,False,2024-07-03 20:24:53.048893+00:00,TUT,18724
1242195,375332,False,3,Python_Week4_Function1_Q4a,562,True,12215,False,2024-07-03 20:25:13.589143+00:00,TUT,18724
1242360,375409,False,2,Python_Week12_Class&Object_Q2,784,True,31913,False,2024-07-04 15:21:15.397411+00:00,TUT,22302
1242361,375409,False,3,Python_Week12_Class&Object_Q2,784,True,18387,False,2024-07-04 15:21:47.426988+00:00,TUT,22302
1242362,375409,False,4,Python_Week12_Class&Object_Q2,784,True,5756,False,2024-07-04 15:22:13.730289+00:00,TUT,22302
1242363,375409,True,5,Python_Week12_Class&Object_Q2,784,True,26642,False,2024-07-04 15:22:45.655142+00:00,TUT,22302
1242364,375409,False,6,Python_Week12_Class&Object_Q2,784,True,21900,False,2024-07-04 15:23:21.216752+00:00,TUT,22302
1241130,374863,True,2,Python_Week3_Bool&String_Q5,675,True,141,True,2024-06-12 16:21:30.900995+00:00,TUT,22282
1241086,374838,True,2,Python_Week4_Function1_Q4c,564,True,103,True,2024-06-12 15:38:41.122895+00:00,TUT,22282
1242728,375586,True,2,Mario's Very Busy Day,917,False,223,True,2024-07-17 19:12:08.170903+00:00,TUT,22295
1242173,375316,True,2,Python_Week9_Collection1_Q12,496,True,116,True,2024-07-03 20:02:07.467191+00:00,TUT,18724
1670049,530199,True,2,Python_Week4_Function1_Q1a,555,True,85,True,2025-02-27 15:32:51.897643+00:00,TUT,32921
1243593,377187,False,2,Python_Week2_Basics_Q3,638,True,25998,False,2024-07-31 18:50:22.023419+00:00,TUT,22295
1243594,377187,True,3,Python_Week2_Basics_Q3,638,True,16036,False,2024-07-31 18:50:44.370965+00:00,TUT,22295
1243595,377187,False,4,Python_Week2_Basics_Q3,638,True,18274,False,2024-07-31 18:51:16.117193+00:00,TUT,22295
1243596,377187,True,5,Python_Week2_Basics_Q3,638,True,27026,False,2024-07-31 18:52:02.676976+00:00,TUT,22295
1243597,377187,True,6,Python_Week2_Basics_Q3,638,True,20976,False,2024-07-31 18:52:43.778853+00:00,TUT,22295
1242350,375401,True,2,Python_Week4_Function1_Q1c,557,True,96,True,2024-07-04 15:07:04.106763+00:00,TUT,22302
1239087,374037,True,2,Python_Week2_Basics_Q1b,635,True,112,True,2024-05-27 15:26:23.626094+00:00,TUT,18724
